Horodateur;Année d'obtention de votre diplôme d'ambulancier;Département de formation ;Quel est le type d'activité de votre entreprise ? (Plusieurs réponses possibles);Quel est le secteur d'activité de votre entreprise ?;Combien d'ADE/CCA sont employés par votre entreprise;Combien d'auxiliaires sont employés par votre entreprise;Disposez-vous d'un jeu de tenues professionnelles identifiées :  Nom de l'entreprise ?;;De quelle couleur sont-elles ?;Avez-vous des protocoles d'hygiène dans votre entreprise ? ;;Si oui, sont-ils en adéquation avec l'enseignement réalisé à l'IFA ? ;Concernant le rythme de décontamination du matériel et du véhicule sanitaire,  réalisez-vous :;;Disposez-vous d'un lecteur de glycémie, appareil Dextro ?;;;;;Disposez-vous d'appareils permettant la réalisation d'électro-cardiogramme  (ECG) ? ;;;Disposez-vous de matériel pour réaliser des aspirations trachéales (dans la trachée, la canule de trachéotomie) ?;;;Vous disposez dans votre véhicule : (plusieurs réponses possibles);Lorsqu'un patient est à bord du véhicule sanitaire est-ce l'auxilaire qui conduit : ;;Lors d'une intervention, la suite de la prise en charge nécessite la pose d'une voie veineuse périphérique;;Lors d'une prise en charge d'un patient à domicile  il vous manque des informations pour la prise en charge de votre patient, hors celui-ci est porteur d'un courrier remis par son médecin traitant pour le service d'accueil .;Lors d'une admission, vous occupez-vous de l'entrée administrative de votre patient ( vous ou votre binôme ) ? ;;Dans les établissements de santé existe-t-il un guichet avec accès prioritaire ambulancier pour réaliser les démarches administratives de l'admission;;;;;;Lors d'un transfert, vous prenez en charge un patient porteur d'un pousse-seringue éléctrique;;
date;diplôme;dept;activite;Zone;ADE;Aux;tenues;T2;couleur;protocole;observance;cohérence;rythme;frequence;lecteur;L2;L3;prescripteur;quand j estime que ca le merite;ecg;ecg1;ecg2;aspirations;asp1;asp2;immobilisation;conducteur;cond2;vvp;vvp2;lettre;admission;Admission 1;Admission 2;;;;;;Transfert;;
04/10/2013 14:35;2013;67;VSL,  ASSU;Zone rurale et urbaine;7;0;Oui;Oui;Blanches;Oui;Toujours;Oui;Oui;Toutes les semaines ;;Non;Oui;De façon spontanée dans certaines situations ;malaises, diabétique connu;Oui;Oui de manière autonome;Non;Oui;Non;Non;Matelas immobilisateur à dépression : matelas coquille;Jamais;Jamais;Oui;Vous préparez la perfusion avec sa tubulure et purgez le dispositif ;Vous ouvrez le courrier pour rechercher les informations nécessaires ;Non;;Jamais;;;;;;Oui;Votre entreprise ;
04/10/2013 14:37;2011;67;VSL,  ASSU, Ambulance de catégorie C;Zone rurale et urbaine;17;25;Oui;Oui;Blanc et Bleu;Oui;Toujours;Non;Oui;Toutes les semaines ;Oui;Non;Oui;De façon spontanée régulièrement ;toutes interventions samu;Non;;Non;Oui;Oui;Non;Matelas immobilisateur à dépression : matelas coquille;Parfois;Toujours;Non;;Vous ouvrez le courrier pour rechercher les informations nécessaires ;Oui;Les deux ;Jamais;;;;;;Oui;stage en sspi;
04/10/2013 14:40;2011;67;Ambulance de catégorie C;Zone rurale et urbaine;3;2;Oui;Oui;Bleu marine et Blanche;Oui;Toujours;Oui;Oui;Tous les jours;Oui;Oui;Oui;Sur demande d'un médecin, d'un infirmier ou du SMUR;Si besoin sur demande du medecin généralement;Non;;Oui;Oui;Oui;Non;Matelas immobilisateur à dépression : matelas coquille;Toujours;;Non;;On contacte le prescripteur du transport ou le service d'accueil du patient pour demander l'autorisation;Oui;Les deux ;Jamais;;;;;;Oui;Votre IFA;
04/10/2013 15:18;2011;67;VSL,  ASSU, Ambulance de catégorie C;Zone rurale et urbaine;25;30;Oui;Oui;bleu;Oui;Toujours;Oui;Oui;Tous les jours, Toutes les semaines , tous les mois ;Oui;Oui;Oui;Sur demande d'un médecin, d'un infirmier ou du SMUR, De façon spontanée dans certaines situations ;Selon les symptomes;Oui;Oui sous contrôle d'un médecin ou d'un infirmier;Oui;Oui;Non;Non;Matelas immobilisateur à dépression : matelas coquille, Planche à immobilisation type : Baxtrap ;Toujours;Toujours;Oui;Vous rassemblez l'ensemble du matériel nécessaire ;On a pas le droit de l'ouvrir mais il me paraît judiceux de l'ouvrir pour s'avoir comment traiter le patient;Oui;;Parfois;;;;;;Non;;
04/10/2013 15:20;2013;38;VSL, Ambulance de catégorie C;Zone rurale;4;3;Oui;Non;BLEUES;Oui;Toujours;Oui;Oui;Toutes les semaines ;Oui;Oui;Non;;;Non;;Non;Oui;Non;Oui;Matelas immobilisateur à dépression : matelas coquille;Parfois;;Non;;Vous ouvrez le courrier pour rechercher les informations nécessaires ;Oui;Les deux ;Parfois;;;;;;Oui;C H U;
04/10/2013 15:37;2008;67;Ambulance de catégorie C;Zone rurale et urbaine;2;2;Oui;Oui;Bleu et blanc;Oui;Toujours;Oui;Oui;Tous les jours;Non;Oui;Non;;;Non;;Oui;Oui;Oui;Non;Matelas immobilisateur à dépression : matelas coquille;Parfois;Toujours;Oui;Vous rassemblez l'ensemble du matériel nécessaire ;Vous ouvrez le courrier pour rechercher les informations nécessaires ;Oui;Les deux ;Parfois;;;;;;Non;;
04/10/2013 15:37;2012;67;Ambulance de catégorie C;Zone urbaine;2;2;Oui;Oui;Bleu ou blanc;Oui;Parfois;Oui;Non;Tous les jours;Non;Oui;Non;;;Non;;Non;Non;Non;Non;Matelas immobilisateur à dépression : matelas coquille;Parfois;;Non;;Vous ouvrez le courrier pour rechercher les informations nécessaires ;Oui;Les deux ;Jamais;;;;;;Non;;
04/10/2013 16:05;2012;38; ASSU, Ambulance de catégorie C;Zone rurale et urbaine;3;0;Oui;Oui;Bleues et blanches;Oui;Toujours;Oui;Oui;tous les mois ;Oui;Oui;Non;;;Non;;Non;Oui;Oui;Non;Matelas immobilisateur à dépression : matelas coquille;Parfois;Parfois;Non;;Vous ouvrez le courrier pour rechercher les informations nécessaires ;Oui;Les deux ;Parfois;;;;;;Oui;Votre IFA;
04/10/2013 16:28;2012;67; ASSU, Ambulance de catégorie C;Zone rurale et urbaine;7;3;Oui;Oui;bleu et jaune;Oui;Toujours;Oui;Oui;Tous les jours, Toutes les semaines , tous les mois ;Oui;Oui;Oui;De façon spontanée dans certaines situations ;en assu  seulement;Non;Non;Non;Non;Non;Non;Matelas immobilisateur à dépression : matelas coquille;Parfois;Toujours;Non;;Vous ouvrez le courrier pour rechercher les informations nécessaires ;Oui;Uniquement lors d'une entrée en service d'urgence;Parfois;;;;;;Non;;
04/10/2013 17:19;2013;21;VSL,  ASSU, Ambulance de catégorie C;Zone urbaine;20;5;Oui;Oui;bleues;Oui;Parfois;Oui;Non;Tous les jours;Oui;Non;Oui;De façon spontanée dans certaines situations ;Malaise;Non;Non;Non;Oui;Oui;Oui;Matelas immobilisateur à dépression : matelas coquille;Parfois;Toujours;Non;;Vous ouvrez le courrier pour rechercher les informations nécessaires ;Oui;Les deux ;Parfois;;;;;;Non;autodidacte;
04/10/2013 17:34;2012;21;VSL, Ambulance de catégorie C;Zone urbaine;3;2;Oui;Oui;bleu et blanc;Non;;;Non;Toutes les semaines ;Oui;Oui;Oui;Sur demande d'un médecin, d'un infirmier ou du SMUR;;Non;;Non;Oui;Non;Non;Matelas immobilisateur à dépression : matelas coquille;Parfois;;Non;;Vous ouvrez le courrier pour rechercher les informations nécessaires ;Oui;Les deux ;Parfois;;;;;;Non;;
04/10/2013 17:40;2011;67;VSL,  ASSU, Ambulance de catégorie C;Zone rurale;8;7;Oui;Oui;Blanches;Oui;Toujours;Oui;Oui;Tous les jours;Oui;Oui;Oui;De façon spontanée dans certaines situations ;Malaises, chutes inexpliquées, diabète avéré, inconscient, alcoolémie;Non;;Oui;Non;Non;Non;Matelas immobilisateur à dépression : matelas coquille;Toujours;Toujours;Non;;Vous ouvrez le courrier pour rechercher les informations nécessaires ;Oui;Les deux ;Parfois;;;;;;Non;;
04/10/2013 18:16;2013;21;VSL,  ASSU;Zone rurale et urbaine;7;2;Oui;Oui;Blanc et Bleu;Oui;Toujours;Non;Non;Tous les jours, Toutes les semaines ;Non;Non;Non;;;Non;Non;Non;Non;Non;Non;Matelas immobilisateur à dépression : matelas coquille;Parfois;Toujours;Non;Appel 15;Vous appelez le Centre 15 pour demander l'autorisation d'ouvrir le courrier  ;Oui;Les deux ;Parfois;;;;;;Oui;Votre entreprise ;
04/10/2013 18:21;2013;69;VSL,  ASSU, Ambulance de catégorie C;Zone rurale et urbaine;8;6;Oui;Oui;Bleu et blanche;Oui;Toujours;Oui;Oui;Tous les jours;Oui;Oui;Oui;De façon spontanée dans certaines situations ;Selon les antécédents du patient ou ses symptomes.;Non;Non;Non;Non;Non;Non;Matelas immobilisateur à dépression : matelas coquille, Planche à immobilisation type : Baxtrap ;Parfois;Parfois;Oui;Vous rassemblez l'ensemble du matériel nécessaire ;Si le médecin est parti je l'appelle directement et lui explique que je suis soumis au secret professionnel et que pour une bonne prise en charge je voudrai avoir accès a des infos complementaires, se trouvant soit dans le courrier soit transmise a l'oral. ;Oui;Les deux ;Parfois;;;;;;Oui;Votre IFA;
04/10/2013 18:31;2012;21;VSL,  ASSU, Ambulance de catégorie C;Zone rurale et urbaine;20;20;Oui;Oui;bleue marine;Non;Parfois;;Oui;Tous les jours;Oui;Non;Oui;De façon spontanée dans certaines situations ;diabete type 2;Non;Non;Non;Non;Non;Non;Matelas immobilisateur à dépression : matelas coquille, Planche à immobilisation type : Baxtrap ;Parfois;Parfois;Non;;Vous ouvrez le courrier pour rechercher les informations nécessaires ;Oui;Les deux ;Parfois;;;;;;Oui;croix rouge perso;
04/10/2013 18:34;2013;69;VSL,  ASSU, Ambulance de catégorie C;Zone rurale et urbaine;13;4;Oui;Oui;Bleu et blanche;Oui;Toujours;Oui;Oui;Tous les jours;Oui;Oui;Non;;;Non;;Non;Non;Non;Non;Matelas immobilisateur à dépression : matelas coquille;Toujours;Toujours;Non;;Vous n'ouvrez pas le courrier;Oui;Les deux ;Parfois;;;;;;Non;Votre entreprise ;
04/10/2013 18:47;2013;38;VSL,  ASSU, Ambulance de catégorie C;Zone rurale et urbaine;14;12;Oui;Oui;bas blanc et haut bleu;Oui;Toujours;Oui;Oui;Toutes les semaines ;Non;Oui;Non;;;Non;;Non;Oui;Oui;Non;Matelas immobilisateur à dépression : matelas coquille;Parfois;Parfois;Non;;Vous ouvrez le courrier pour rechercher les informations nécessaires ;Oui;Les deux ;Parfois;;;;;;Oui;Votre IFA;
04/10/2013 18:58;2011;67;VSL,  ASSU, Ambulance de catégorie C;Zone rurale et urbaine;15;20;Oui;Oui;Blanche ;Oui;Parfois;Oui;Oui;Tous les jours;Oui;Oui;Oui;De façon spontanée régulièrement ;Pour quasiment chaque bilan fait au médecin régulateur j'utilise le lecteur de glycémie ;Non;Non;Non;Oui;Non;Non;Matelas immobilisateur à dépression : matelas coquille;Parfois;Parfois;Non;;Vous ouvrez le courrier pour rechercher les informations nécessaires ;Oui;Les deux ;Jamais;;;;;;Non;;
04/10/2013 19:02;2012;38;VSL,  ASSU, Ambulance de catégorie C;Zone rurale et urbaine;6;5;Oui;Oui;bleu et blanc;Oui;Toujours;Non;Oui;Tous les jours;Non;Oui;Non;;;Non;;Oui;Oui;Oui;Non;Matelas immobilisateur à dépression : matelas coquille, Planche à immobilisation type : Baxtrap ;Parfois;Parfois;Non;;Vous ouvrez le courrier pour rechercher les informations nécessaires ;Oui;Les deux ;Parfois;;;;;;Oui;Votre IFA;
04/10/2013 19:02;2012;38;VSL,  ASSU, Ambulance de catégorie C;Zone rurale et urbaine;6;5;Oui;Oui;bleu et blanc;Oui;Toujours;Non;Oui;Tous les jours;Non;Oui;Non;;;Non;;Oui;Oui;Oui;Non;Matelas immobilisateur à dépression : matelas coquille, Planche à immobilisation type : Baxtrap ;Parfois;Parfois;Non;;Vous ouvrez le courrier pour rechercher les informations nécessaires ;Oui;Les deux ;Parfois;;;;;;Oui;Votre IFA;
04/10/2013 19:04;2012;69;Ambulance de catégorie C;Zone rurale et urbaine;4;1;Non;;blanc et bleu;Oui;Parfois;Non;Oui;Tous les jours;Non;Oui;Non;;;Non;Non;Non;Oui;Oui;Non;Matelas immobilisateur à dépression : matelas coquille;Toujours;;Non;;Vous appelez le Centre 15 pour demander l'autorisation d'ouvrir le courrier  ;Oui;Les deux ;Parfois;;;;;;Non;;
04/10/2013 19:12;2008;67;VSL, Ambulance de catégorie C;Zone rurale;2;6;Oui;Oui;bleu;Oui;Toujours;Non;Oui;tous les mois ;Oui;Oui;Oui;De façon spontanée dans certaines situations ;en cas de besoin;Non;Non;Non;Oui;Non;Non;Matelas immobilisateur à dépression : matelas coquille, Planche à immobilisation type : Baxtrap ;Parfois;;Non;;Vous ouvrez le courrier pour rechercher les informations nécessaires ;Oui;Les deux ;Parfois;;;;;;Non;;
04/10/2013 19:28;2012;38;VSL, Ambulance de catégorie C;Zone rurale et urbaine;3;1;Oui;Oui;bleu et blanc;Oui;Toujours;Oui;Oui;Tous les jours;Oui;Non;Oui;De façon spontanée régulièrement , Sur demande d'un médecin, d'un infirmier ou du SMUR;garde préfectoral;Non;;Non;Oui;Non;Oui;Matelas immobilisateur à dépression : matelas coquille;Parfois;Parfois;Oui;poser la perf sur demande du médecin regulateur . je suis aussi infirmière .;Vous appelez le Centre 15 pour demander l'autorisation d'ouvrir le courrier  ;Oui;Les deux ;Parfois;;;;;;Oui;ifsi de chambery;
04/10/2013 19:39;2009;67;VSL,  ASSU, Ambulance de catégorie C;Zone rurale;4;12;Oui;Oui;bleu et blanc;Non;;;Oui;Tous les jours;Oui;Oui;Oui;Sur demande d'un médecin, d'un infirmier ou du SMUR;;Non;;Non;Oui;Oui;Non;Matelas immobilisateur à dépression : matelas coquille;Parfois;Parfois;Non;;Vous ouvrez le courrier pour rechercher les informations nécessaires ;Oui;Les deux ;Parfois;;;;;;Oui;Votre entreprise ;
04/10/2013 19:44;2012;67;VSL, Ambulance de catégorie C;Zone rurale et urbaine;5;6;Oui;Oui;Bleu;Non;;;Non;Toutes les semaines ;Oui;Oui;Oui;De façon spontanée dans certaines situations ;Malaises, personnes diabétiques.;Non;Non;Non;Non;Non;Non;Matelas immobilisateur à dépression : matelas coquille;Parfois;;Non;;La pmt doit indiquer les directives concernant le transport du patient, en cas de doute sur son état et comme je ne dispose pas d'une formation de soignant (une décompensation cardiaque, je ne sais pas ce que c'est) j'appelle le médecin ou le 15 mais je n'ouvre le courrier que sur demande du 15.;Oui;Les deux ;Parfois;;;;;;Non;;
04/10/2013 19:49;2013;67;Ambulance de catégorie C;Zone rurale;6;4;Oui;Oui;BLEUE;Oui;Toujours;Oui;Oui;Tous les jours;Non;Oui;Non;;;Non;Non;Oui;Oui;Oui;Non;Matelas immobilisateur à dépression : matelas coquille;Toujours;;Non;;Vous ouvrez le courrier pour rechercher les informations nécessaires ;Oui;Les deux ;Parfois;;;;;;Oui;Votre IFA;
04/10/2013 20:33;2012;38;VSL, Ambulance de catégorie C;Zone rurale;5;1;Oui;Oui;bleu;Oui;Toujours;Oui;Oui;Toutes les semaines ;Oui;Oui;Oui;Sur demande d'un médecin, d'un infirmier ou du SMUR;personne diabetique;Non;;Non;Oui;Oui;Non;Matelas immobilisateur à dépression : matelas coquille;Parfois;Parfois;Non;;Vous ouvrez le courrier pour rechercher les informations nécessaires ;Oui;Les deux ;Toujours ;;;;;;Non;;
04/10/2013 20:36;2012;38;VSL,  ASSU, Ambulance de catégorie C;Zone rurale;13;13;Oui;Oui;Blanches;Oui;Parfois;Oui;Non;Tous les jours;Oui;Oui;Oui;De façon spontanée dans certaines situations ;Coup de fatigue de personnes diabetiqu;Non;Non;Non;Oui;Oui;Oui;Matelas immobilisateur à dépression : matelas coquille, Planche à immobilisation type : Baxtrap ;Parfois;Parfois;Non;;Vous ouvrez le courrier pour rechercher les informations nécessaires ;Oui;Les deux ;Parfois;;;;;;Oui;Votre IFA;
04/10/2013 20:44;2013;69;VSL,  ASSU, Ambulance de catégorie C;Zone rurale et urbaine;6;0;Oui;Oui;blanc bleu;Oui;Toujours;Oui;Oui;Toutes les semaines ;Oui;Oui;Oui;De façon spontanée dans certaines situations ;contact biologiques, infections;Non;Non;Non;Oui;Oui;Non;Matelas immobilisateur à dépression : matelas coquille, Planche à immobilisation type : Baxtrap ;Toujours;Toujours;Oui;j'attend la demande du médecin;Vous ouvrez le courrier pour rechercher les informations nécessaires ;Oui;Les deux ;Parfois;;;;;;Non;;
04/10/2013 20:49;2009;67;VSL, Ambulance de catégorie C;Zone rurale;3;2;Oui;Oui;blanche;Non;;;Oui;Toutes les semaines ;Non;Oui;Non;;;Non;;Non;Oui;Oui;Non;Matelas immobilisateur à dépression : matelas coquille;Parfois;;Non;;Vous ouvrez le courrier pour rechercher les informations nécessaires ;Oui;Les deux ;Parfois;;;;;;Non;;
04/10/2013 21:02;2013;21;VSL,  ASSU, Ambulance de catégorie C;Zone rurale et urbaine;14;6;Oui;Oui;bleu marine et orange;Non;;;Non;Tous les jours;Oui;Non;Oui;Sur demande d'un médecin, d'un infirmier ou du SMUR, De façon spontanée dans certaines situations ;somnolence, désorientation;Non;;Non;Oui;Non;Oui;Matelas immobilisateur à dépression : matelas coquille;Parfois;Toujours;Non;;sauf si appel sos med,meilleur pec ;Oui;Les deux ;Parfois;;;;;;Non;;
04/10/2013 21:07;2012;67;Ambulance de catégorie C;Zone urbaine;5;3;Oui;Oui;bleues et jaunes;Oui;Toujours;Oui;Oui;Tous les jours;Non;Oui;Non;;;Non;Non;Non;Oui;Oui;Non;Matelas immobilisateur à dépression : matelas coquille;Parfois;Jamais;Non;;Vous ouvrez le courrier pour rechercher les informations nécessaires ;Oui;Les deux ;Jamais;;;;;;Non;;
04/10/2013 21:28;2008;67;VSL,  ASSU, Ambulance de catégorie C;Zone rurale et urbaine;11;12;Oui;Oui;bleu;Oui;Toujours;Non;Oui;Tous les jours;Oui;Oui;Oui;De façon spontanée dans certaines situations ;"malaises ; diabétiques, intoxication ;";;;Non;Non;Non;Oui;Non;Non;Matelas immobilisateur à dépression : matelas coquille;Parfois;Parfois;Non;;Vous ouvrez le courrier pour rechercher les informations nécessaires ;Oui;Les deux ;Parfois;;;;;;Non
04/10/2013 21:34;2008;67;VSL,  ASSU, Ambulance de catégorie C;Zone rurale et urbaine;11;12;Oui;Oui;bleue;Oui;Toujours;Non;Oui;Tous les jours;Oui;Oui;Oui;De façon spontanée régulièrement ;;Non;Non;Non;Oui;Non;Non;Matelas immobilisateur à dépression : matelas coquille;Parfois;Toujours;Non;;Vous ouvrez le courrier pour rechercher les informations nécessaires ;Oui;Les deux ;Parfois;;;;;;Non;;
04/10/2013 21:47;2012;21;VSL,  ASSU, Ambulance de catégorie C;Zone rurale et urbaine;21;24;Oui;Oui;blanche;Oui;Parfois;Oui;Non;Toutes les semaines ;Oui;Non;Oui;De façon spontanée dans certaines situations ;;Non;Non;Non;Non;Non;Non;Matelas immobilisateur à dépression : matelas coquille, Planche à immobilisation type : Baxtrap ;Parfois;Parfois;Non;;Vous ouvrez le courrier pour rechercher les informations nécessaires ;Oui;Les deux ;Parfois;;;;;;Non;;
04/10/2013 22:08;2012;21;VSL,  ASSU, Ambulance de catégorie C;Zone rurale;12;5;Oui;Oui;BLEU MARINE;Oui;Toujours;Oui;Oui;Tous les jours;Oui;Oui;Oui;Sur demande d'un médecin, d'un infirmier ou du SMUR;;Non;;Non;Oui;Non;Non;Matelas immobilisateur à dépression : matelas coquille, Planche à immobilisation type : Baxtrap ;Parfois;Parfois;Non;;Vous n'ouvrez pas le courrier;Oui;Les deux ;Toujours ;;;;;;Oui;Votre entreprise ;
04/10/2013 23:14;2013;38;VSL,  ASSU;Zone rurale et urbaine;9;4;Oui;Oui;bleu;Oui;Toujours;Oui;Oui;Tous les jours;Non;Oui;Non;;;Non;Non;Oui;Non;Oui;Non;Matelas immobilisateur à dépression : matelas coquille;Parfois;Parfois;Non;;Vous ouvrez le courrier pour rechercher les informations nécessaires ;Oui;Les deux ;Parfois;;;;;;Oui;Votre entreprise ;
05/10/2013 00:45;2012;21;VSL,  ASSU, Ambulance de catégorie C;Zone rurale et urbaine;40;15;Oui;Oui;Bleue;Oui;Toujours;Oui;Non;Tous les jours, Toutes les semaines ;Oui;Non;Oui;Sur demande d'un médecin, d'un infirmier ou du SMUR, De façon spontanée dans certaines situations ;agitation, sueurs, toutes les situations permettant à un médecin régulateur de faire un diagnostic différentiel entre un avc et hypoglycémie.;Non;;Non;Non;Non;Non;Matelas immobilisateur à dépression : matelas coquille;Parfois;Toujours;Non;;Vous ouvrez le courrier pour rechercher les informations nécessaires ;Oui;Les deux ;Parfois;;;;;;Non;;
05/10/2013 01:00;2013;67;VSL,  ASSU, Ambulance de catégorie C;Zone rurale et urbaine;60;60;Oui;Non;blanche;Oui;Toujours;Oui;Oui;Tous les jours;Oui;Oui;Oui;De façon spontanée régulièrement ;;Non;Non;Oui;Oui;Oui;Non;Matelas immobilisateur à dépression : matelas coquille;Parfois;Parfois;Non;;Vous ouvrez le courrier pour rechercher les informations nécessaires ;Oui;Les deux ;Parfois;;;;;;Non;;
05/10/2013 06:00;2012;67;VSL,  ASSU, Ambulance de catégorie C;Zone rurale et urbaine;5;9;Oui;Oui;Bleu marine / blanc;Oui;Toujours;Oui;Oui;Tous les jours;Oui;Oui;Oui;De façon spontanée régulièrement ;Malaises, chutes, OH, diabétique, patients atteint d'un cancer, TS;Non;Non;Non;Oui;Oui;Oui;Matelas immobilisateur à dépression : matelas coquille, Planche à immobilisation type : Baxtrap ;Parfois;Toujours;Non;;Vous ouvrez le courrier pour rechercher les informations nécessaires ;Oui;Les deux ;Parfois;;;;;;Oui;Smur;
05/10/2013 07:16;2013;69;VSL,  ASSU, Ambulance de catégorie C;Zone rurale et urbaine;10;10;Oui;Oui;bleu et jaune fluo ou blanc ;Oui;Toujours;Oui;Oui;Tous les jours, Toutes les semaines ;Oui;Non;Non;;le patient lui même...;Non;;Non;Oui;Oui;Non;Matelas immobilisateur à dépression : matelas coquille, Planche à immobilisation type : Baxtrap ;Toujours;Toujours;Non;;Vous ouvrez le courrier pour rechercher les informations nécessaires ;Oui;Les deux ;Parfois;;;;;;Non;;
05/10/2013 08:07;2011;67;VSL,  ASSU, Ambulance de catégorie C;Zone urbaine;40;40;Oui;Oui;Pantalon bleu polo blanc;Oui;Toujours;Oui;Oui;Tous les jours;Oui;Oui;Oui;De façon spontanée dans certaines situations ;Malaise, diabétique, personne somnolente ou OH;Non;;Non;Oui;Oui;Non;Matelas immobilisateur à dépression : matelas coquille, Planche à immobilisation type : Baxtrap ;Parfois;Parfois;Non;;Vous ouvrez le courrier pour rechercher les informations nécessaires ;Oui;Les deux ;Parfois;;;;;;Non;;
05/10/2013 09:22;2009;67;Ambulance de catégorie C;Zone rurale et urbaine;11;2;Oui;Oui;bleu;Oui;Parfois;Oui;Non;Tous les jours;Non;Oui;Non;;;Non;;Non;Oui;Non;Non;Matelas immobilisateur à dépression : matelas coquille;Parfois;;Non;;Vous ouvrez le courrier pour rechercher les informations nécessaires ;Oui;Les deux ;Parfois;;;;;;Non;;
05/10/2013 09:34;2012;67; ASSU;Zone urbaine;15;0;Oui;Oui;Bleu;Oui;Toujours;Non;Oui;Tous les jours;Non;Oui;Non;;;Non;Non;Oui;Non;Non;Non;Matelas immobilisateur à dépression : matelas coquille, Planche à immobilisation type : Baxtrap ;Jamais;Jamais;Non;;Vous ouvrez le courrier pour rechercher les informations nécessaires ;Oui;Les deux ;Parfois;;;;;;Oui;Samu 75;
05/10/2013 09:50;2013;38;VSL, Ambulance de catégorie C;Zone rurale;4;3;Oui;Oui;Bleu;Oui;Toujours;Oui;Non;Toutes les semaines ;Non;Oui;Non;;;Non;;Non;Oui;Oui;Non;Matelas immobilisateur à dépression : matelas coquille;Parfois;;Non;;Vous ouvrez le courrier pour rechercher les informations nécessaires ;Oui;Les deux ;Toujours ;;;;;;Oui;Votre IFA;
05/10/2013 10:06;2013;38;VSL,  ASSU;Zone rurale et urbaine;8;10;Oui;Oui;bleu;Oui;Toujours;Oui;Oui;Tous les jours;Oui;Oui;Non;;;Non;;Non;Non;Oui;Non;Matelas immobilisateur à dépression : matelas coquille;Toujours;Toujours;Non;;Vous ouvrez le courrier pour rechercher les informations nécessaires ;Oui;Les deux ;Parfois;;;;;;Oui;Votre IFA;
05/10/2013 10:40;2012;21;VSL,  ASSU, Ambulance de catégorie C;Zone urbaine;22;27;Oui;Oui;Blanches;Oui;Toujours;Oui;Oui;Tous les jours;Oui;Non;Oui;De façon spontanée dans certaines situations ;Patient présentant des troubles neurologiques, patient victime d'un malaise.;Non;;Non;Oui;Non;Non;Matelas immobilisateur à dépression : matelas coquille, Planche à immobilisation type : Baxtrap ;Parfois;Toujours;Non;;Vous ouvrez le courrier pour rechercher les informations nécessaires ;Oui;Les deux ;Parfois;;;;;;Non;;
05/10/2013 10:49;2007;25;VSL,  ASSU, Ambulance de catégorie C;Zone rurale et urbaine;15;15;Oui;Oui;bleues;Oui;Toujours;Oui;Non;Tous les jours, Toutes les semaines ;Oui;Oui;Oui;Sur demande d'un médecin, d'un infirmier ou du SMUR;;Non;Non;Non;Non;Non;Non;Matelas immobilisateur à dépression : matelas coquille;Toujours;Toujours;Non;;Vous ouvrez le courrier pour rechercher les informations nécessaires ;Oui;Les deux ;Parfois;;;;;;Oui;Votre IFA;
05/10/2013 10:54;2013;91;VSL,  ASSU, Ambulance de catégorie C;Zone rurale et urbaine;27;9;Oui;Oui;blanche;Non;Jamais;Non;Oui;Tous les jours, Toutes les semaines ;Non;Oui;Oui;Sur demande d'un médecin, d'un infirmier ou du SMUR, De façon spontanée dans certaines situations ;sur les malaises si il y a un appareil de glycemie ;Non;Non;Oui;Oui;Oui;Oui;Matelas immobilisateur à dépression : matelas coquille;Parfois;Parfois;Non;;Vous ouvrez le courrier pour rechercher les informations nécessaires ;Oui;En situation d'entrée programmée;Parfois;;;;;;Non;;
05/10/2013 11:06;2010;69; ASSU, Ambulance de catégorie C;Zone rurale et urbaine;13;5;Oui;Oui;bleu;Oui;Parfois;Oui;Non;Toutes les semaines ;Non;Non;Non;;;Non;Non;Non;Oui;Non;Oui;Matelas immobilisateur à dépression : matelas coquille;Parfois;Parfois;Non;;Vous ouvrez le courrier pour rechercher les informations nécessaires ;Oui;Les deux ;Parfois;;;;;;Non;;
05/10/2013 11:12;2010;87;VSL,  ASSU, Ambulance de catégorie C;Zone rurale et urbaine;11;6;Oui;Oui;bleu pour la journee.blanche les nuits;Oui;Toujours;Oui;Oui;Tous les jours;Oui;Non;Oui;De façon spontanée dans certaines situations ;;Non;;Non;Oui;Oui;Non;Matelas immobilisateur à dépression : matelas coquille;Parfois;Parfois;Oui;;Vous appelez le Centre 15 pour demander l'autorisation d'ouvrir le courrier  ;Oui;Les deux ;Parfois;;;;;;Oui;;
05/10/2013 11:18;2010;25;VSL,  ASSU, Ambulance de catégorie C;Zone rurale et urbaine;9;5;Oui;Oui;bleu;Oui;Parfois;Non;Non;Toutes les semaines ;Non;Non;Non;;;Non;;Non;Oui;Non;Oui;Matelas immobilisateur à dépression : matelas coquille, Planche à immobilisation type : Baxtrap ;Parfois;Parfois;Non;;Vous ouvrez le courrier pour rechercher les informations nécessaires ;Oui;Les deux ;Parfois;;;;;;Oui;les infirmières ;
05/10/2013 11:19;2006;87;VSL,  ASSU, Ambulance de catégorie C;Zone rurale et urbaine;16;5;Oui;Oui;Blanche;Oui;Toujours;Oui;Non;Toutes les semaines ;Oui;Oui;Oui;De façon spontanée dans certaines situations ;Hypoglycémie, hyperglycémie, malaise...;Oui;Oui sous contrôle d'un médecin ou d'un infirmier;Non;Oui;Non;Non;Matelas immobilisateur à dépression : matelas coquille;Parfois;Toujours;Oui;Vous rassemblez l'ensemble du matériel nécessaire ;Vous ouvrez le courrier pour rechercher les informations nécessaires ;Oui;Les deux ;Parfois;;;;;;Non;;
05/10/2013 11:19;2012;78;Ambulance de catégorie C;Zone urbaine;10;0;Oui;Oui;Blanches;Oui;Toujours;Non;Oui;Toutes les semaines ;Oui;Oui;Non;;;Non;Non;Non;Oui;Non;Non;Matelas immobilisateur à dépression : matelas coquille;Jamais;Jamais;Oui;Rien;Vous ouvrez le courrier pour rechercher les informations nécessaires ;Non;;Parfois;;;;;;Non;;
05/10/2013 11:26;2009;54;VSL, Ambulance de catégorie C;Zone rurale et urbaine;7;6;Oui;Oui;bleue;Oui;Parfois;Oui;Oui;Tous les jours;Non;Oui;Non;;;Non;;Non;Non;Non;Non;Matelas immobilisateur à dépression : matelas coquille, Planche à immobilisation type : Baxtrap ;Toujours;Toujours;Non;;Vous ouvrez le courrier pour rechercher les informations nécessaires ;Oui;Les deux ;Parfois;;;;;;Non;;
05/10/2013 11:27;2009;33;VSL,  ASSU, Ambulance de catégorie C;Zone rurale et urbaine;23;9;Oui;Oui;bleu et blanche;Oui;Toujours;Non;Non;Toutes les semaines ;Non;Non;Non;;;Non;Non;Non;Non;Non;Non;Matelas immobilisateur à dépression : matelas coquille;Parfois;Parfois;Non;;Vous ouvrez le courrier pour rechercher les informations nécessaires ;Oui;Les deux ;Parfois;;;;;;Non;;
05/10/2013 11:34;2012;38;VSL,  ASSU, Ambulance de catégorie C;Zone rurale et urbaine;15;10;Oui;Oui;blanc et bleu marine;Oui;Parfois;Non;Oui;Toutes les semaines ;Oui;Oui;Non;;;Non;;Non;Non;Non;Non;Matelas immobilisateur à dépression : matelas coquille;Parfois;Parfois;Non;;Vous ouvrez le courrier pour rechercher les informations nécessaires ;Oui;Les deux ;Parfois;;;;;;Non;;
05/10/2013 11:35;2013;31; ASSU, Ambulance de catégorie C;Zone rurale et urbaine;5;1;Oui;Oui;bleue et jaune;Oui;Parfois;Oui;Oui;Toutes les semaines ;Oui;Non;Non;;;Non;Non;Non;Oui;Non;Non;Matelas immobilisateur à dépression : matelas coquille;Toujours;Toujours;Oui;Vous rassemblez l'ensemble du matériel nécessaire ;Vous ouvrez le courrier pour rechercher les informations nécessaires ;Oui;Les deux ;Parfois;;;;;;Non;;
05/10/2013 11:38;2010;16;VSL,  ASSU, Ambulance de catégorie C;Zone rurale et urbaine;30;3;Oui;Oui;bleu;Non;Toujours;Non;Non;Toutes les semaines , tous les mois ;Oui;Oui;Oui;Sur demande d'un médecin, d'un infirmier ou du SMUR, De façon spontanée dans certaines situations ;;Non;Non;Non;Non;Oui;Non;Matelas immobilisateur à dépression : matelas coquille;Toujours;Toujours;Non;;Vous ouvrez le courrier pour rechercher les informations nécessaires ;Oui;Les deux ;Parfois;;;;;;Non;;
05/10/2013 12:47;2012;60;Ambulance de catégorie C;Zone rurale et urbaine;9;1;Oui;Oui;pantalon bleu polo blanc ;Oui;Toujours;Oui;Oui;Tous les jours;Non;Oui;Non;;;Non;Non;Oui;Oui;Oui;Non;Matelas immobilisateur à dépression : matelas coquille;Toujours;;Non;;Vous ouvrez le courrier pour rechercher les informations nécessaires ;Oui;Les deux ;Parfois;;;;;;Oui;stage smur;
05/10/2013 12:22;2007;59;VSL,  ASSU;Zone rurale et urbaine;10;3;Oui;Oui;bleue;Oui;Toujours;Oui;Non;Toutes les semaines ;Oui;Non;Oui;De façon spontanée régulièrement ;;Non;Non;Oui;Oui;Non;Non;Matelas immobilisateur à dépression : matelas coquille;Toujours;Toujours;Non;;Vous ouvrez le courrier pour rechercher les informations nécessaires ;Oui;Les deux ;Parfois;;;;;;Non;;
05/10/2013 12:52;2012;67;VSL,  ASSU, Ambulance de catégorie C;Zone rurale et urbaine;20;20;Oui;Oui;Blanches;Oui;Parfois;Oui;Non;Tous les jours;Oui;Non;Oui;De façon spontanée régulièrement ;Confusion, Tachycardie;Non;;Non;Non;Non;Non;Matelas immobilisateur à dépression : matelas coquille;Parfois;Parfois;Non;;Vous ouvrez le courrier pour rechercher les informations nécessaires ;Oui;Les deux ;Parfois;;;;;;Non;;
05/10/2013 13:00;2010;16;VSL,  ASSU, Ambulance de catégorie C;Zone rurale et urbaine;11;4;Oui;Oui;bleu et blanche;Non;Jamais;Non;Non;tous les mois ;Oui;Oui;Oui;De façon spontanée dans certaines situations ;;Non;Non;Non;Oui;Oui;Non;Matelas immobilisateur à dépression : matelas coquille;Parfois;Parfois;Non;;Vous ouvrez le courrier pour rechercher les informations nécessaires ;Oui;Les deux ;Parfois;;;;;;Oui;Votre IFA;
05/10/2013 13:22;2012;25; ASSU;Zone urbaine;22;16;Oui;Oui;bleu / blanc;Oui;Toujours;Non;Non;Tous les jours;Oui;Non;Oui;Sur demande d'un médecin, d'un infirmier ou du SMUR, De façon spontanée dans certaines situations ;;Non;;Non;Non;Non;Non;Matelas immobilisateur à dépression : matelas coquille;Toujours;Toujours;Non;;Vous ouvrez le courrier pour rechercher les informations nécessaires ;Oui;Uniquement lors d'une entrée en service d'urgence;Parfois;;;;;;Oui;SMUR;
05/10/2013 13:24;2013;67;VSL,  ASSU, Ambulance de catégorie C;Zone rurale et urbaine;25;20;Oui;Oui;bleu et rouge;Oui;Toujours;Oui;Oui;Tous les jours;Non;Oui;Non;;;Non;;Non;Oui;Non;Non;Matelas immobilisateur à dépression : matelas coquille, Planche à immobilisation type : Baxtrap ;Parfois;Toujours;Oui;Vous préparez la perfusion avec sa tubulure et purgez le dispositif ;Vous ouvrez le courrier pour rechercher les informations nécessaires ;Non;;Parfois;;;;;;Non;;
05/10/2013 13:35;2012;85;VSL,  ASSU, Ambulance de catégorie C;Zone rurale;6;4;Oui;Oui;Bleu/blanc;Oui;Toujours;Oui;Non;Toutes les semaines ;Oui;Oui;Oui;Sur demande d'un médecin, d'un infirmier ou du SMUR;;Non;Non;Non;Non;Non;Non;Matelas immobilisateur à dépression : matelas coquille;Parfois;Parfois;Non;;Vous ouvrez le courrier pour rechercher les informations nécessaires ;Oui;Les deux ;Parfois;;;;;;Oui;Votre IFA;
05/10/2013 13:51;2006;69;VSL,  ASSU, Ambulance de catégorie C;Zone rurale et urbaine;25;25;Oui;Oui;bleu maine;Oui;Toujours;Oui;Non;Tous les jours;Oui;Non;Oui;De façon spontanée dans certaines situations ;;Non;Non;Non;Oui;Non;Non;Matelas immobilisateur à dépression : matelas coquille;Parfois;Parfois;Non;;Vous ouvrez le courrier pour rechercher les informations nécessaires ;Oui;Les deux ;Parfois;;;;;;Non;;
05/10/2013 13:54;2008;16;VSL,  ASSU, Ambulance de catégorie C;Zone rurale et urbaine;25;5;Oui;Oui;Blanc et bleu;Oui;Toujours;Oui;Oui;Toutes les semaines ;Oui;Oui;Non;Sur demande d'un médecin, d'un infirmier ou du SMUR;;Non;Non;Non;Oui;Oui;Oui;Matelas immobilisateur à dépression : matelas coquille;Parfois;Parfois;Non;;Vous ouvrez le courrier pour rechercher les informations nécessaires ;Oui;;Parfois;;;;;;Oui;Votre IFA;
05/10/2013 14:10;2013;69;VSL,  ASSU, Ambulance de catégorie C;Zone urbaine;5;6;Oui;Oui;blanches;Non;Parfois;Oui;Non;Tous les jours, Toutes les semaines ;Non;Non;Non;;;Non;Non;Non;Non;Non;Non;Matelas immobilisateur à dépression : matelas coquille;Parfois;Parfois;Non;;Vous appelez le Centre 15 pour demander l'autorisation d'ouvrir le courrier  ;Oui;Les deux ;Parfois;;;;;;Oui;Votre IFA;
05/10/2013 14:32;2013;21;VSL,  ASSU, Ambulance de catégorie C;Zone rurale et urbaine;5;7;Oui;Oui;bleues;Oui;Parfois;Non;Non;tous les mois ;Non;Non;Non;;;Non;Non;Non;Oui;Oui;Non;Matelas immobilisateur à dépression : matelas coquille, Planche à immobilisation type : Baxtrap ;Parfois;Parfois;Non;;Vous appelez le Centre 15 pour demander l'autorisation d'ouvrir le courrier  ;Oui;Les deux ;Parfois;;;;;;Oui;Votre IFA;
05/10/2013 14:47;2012;11; ASSU, Ambulance de catégorie C;Zone rurale et urbaine;4;3;Oui;Oui;bleues;Oui;Parfois;Oui;Non;Toutes les semaines ;Non;Oui;Non;;;Oui;Non;Oui;Oui;Oui;Non;Matelas immobilisateur à dépression : matelas coquille;Toujours;Toujours;Non;;Vous appelez le Centre 15 pour demander l'autorisation d'ouvrir le courrier  ;Oui;Les deux ;Parfois;;;;;;Oui;Votre IFA;
05/10/2013 16:11;2013;67;VSL,  ASSU, Ambulance de catégorie C;Zone rurale;6;10;Oui;Oui;Bleu marine;Non;;;Oui;Toutes les semaines ;Oui;Oui;Oui;Sur demande d'un médecin, d'un infirmier ou du SMUR, De façon spontanée dans certaines situations ;Malaise , altération de l état général, chute ........;Non;;Non;Non;Non;Non;Matelas immobilisateur à dépression : matelas coquille, Planche à immobilisation type : Baxtrap ;Parfois;Toujours;Non;;Vous ouvrez le courrier pour rechercher les informations nécessaires ;Oui;Les deux ;Parfois;;;;;;Non;;
05/10/2013 16:30;2013;38;VSL,  ASSU, Ambulance de catégorie C;Zone urbaine;2;1;Oui;Oui;Blanc / bleu;Oui;Toujours;Oui;Oui;Toutes les semaines ;Oui;Oui;Non;;;Non;Non;Non;Non;Non;Non;Matelas immobilisateur à dépression : matelas coquille;Parfois;Parfois;Non;;Vous ouvrez le courrier pour rechercher les informations nécessaires ;Oui;Les deux ;Parfois;;;;;;Non;Votre entreprise ;
05/10/2013 16:46;2013;21;VSL,  ASSU, Ambulance de catégorie C;Zone rurale et urbaine;18;8;Oui;Oui;bleu marine;Oui;Parfois;Non;Non;Toutes les semaines ;Oui;Non;Oui;De façon spontanée dans certaines situations ;malaise ou diabétiques;Non;Non;Non;Oui;Oui;Oui;Matelas immobilisateur à dépression : matelas coquille;Parfois;Parfois;Non;;Vous ouvrez le courrier pour rechercher les informations nécessaires ;Oui;Les deux ;Parfois;;;;;;Non;;
05/10/2013 17:45;2010;37;VSL, Ambulance de catégorie C;Zone rurale;5;8;Non;;Nous n'avons pas de tenues professionnelles  :(;Non;;;Non;tous les mois ;Non;Non;Non;;;Non;;Non;Oui;Oui;Non;Matelas immobilisateur à dépression : matelas coquille;Toujours;;Non;;Vous ouvrez le courrier pour rechercher les informations nécessaires ;Oui;Les deux ;Parfois;;;;;;Non;;
05/10/2013 18:07;2013;91;VSL, Ambulance de catégorie C;Zone rurale et urbaine;5;10;Non;Non;bbbb;Non;;;Non;tous les mois ;Non;Non;Non;;;Non;;Non;Oui;Oui;Non;Matelas immobilisateur à dépression : matelas coquille;Parfois;;Non;;Vous ouvrez le courrier pour rechercher les informations nécessaires ;Oui;Les deux ;Parfois;;;;;;Non;;
05/10/2013 18:30;2012;78;VSL,  ASSU, Ambulance de catégorie C;Zone urbaine;35;14;Oui;Oui;Bleu;Oui;Parfois;Oui;Non;Toutes les semaines ;Oui;Non;Oui;De façon spontanée dans certaines situations ;Hypoglycémie, AIT, malaise, troubles neuro;Non;;Non;Oui;Non;Non;Matelas immobilisateur à dépression : matelas coquille, Planche à immobilisation type : Baxtrap ;Parfois;Parfois;Non;;Vous ouvrez le courrier pour rechercher les informations nécessaires ;Oui;Les deux ;Parfois;;;;;;Non;;
05/10/2013 19:00;2007;33;VSL,  ASSU, Ambulance de catégorie C;Zone rurale et urbaine;7;2;Oui;Oui;bleu et blanc;Oui;Toujours;Oui;Non;Toutes les semaines ;Oui;Oui;Oui;De façon spontanée régulièrement ;si les symptomes me font penser que c'est utile au bilan;Oui;Oui de manière autonome;Non;Oui;Non;Non;Matelas immobilisateur à dépression : matelas coquille;Parfois;Parfois;Oui;Vous préparez la perfusion avec sa tubulure et purgez le dispositif ;Vous ouvrez le courrier pour rechercher les informations nécessaires ;Oui;Les deux ;Parfois;;;;;;Oui;cesu 33 fae smur;
05/10/2013 19:25;2013;21;VSL,  ASSU;Zone rurale et urbaine;25;25;Oui;Oui;Blanche;Oui;Toujours;Oui;Non;Tous les jours;Oui;Non;Oui;De façon spontanée dans certaines situations ;Malaise, détresse neurologique, patient diabétique.;Non;Non;Non;Non;Non;Non;Matelas immobilisateur à dépression : matelas coquille, Planche à immobilisation type : Baxtrap ;Parfois;Parfois;Non;;Vous ouvrez le courrier pour rechercher les informations nécessaires ;Oui;Les deux ;Parfois;;;;;;Oui;amie IDE;
05/10/2013 19:31;2012;38;VSL,  ASSU, Ambulance de catégorie C;Zone rurale;4;5;Oui;Oui;bleu et blanc;Non;;;Oui;Tous les jours;Oui;Oui;Oui;Sur demande d'un médecin, d'un infirmier ou du SMUR, De façon spontanée dans certaines situations ;malaise;Non;;Oui;Non;Non;Non;Matelas immobilisateur à dépression : matelas coquille;Parfois;Toujours;Non;;Vous ouvrez le courrier pour rechercher les informations nécessaires ;Oui;Les deux ;Parfois;;;;;;Oui;Votre IFA;
05/10/2013 20:36;2011;66; ASSU, Ambulance de catégorie C;Zone rurale et urbaine;5;2;Oui;Oui;bleu blanc;Oui;Parfois;Non;Non;Toutes les semaines ;Non;Oui;Non;;;Non;Non;Oui;Oui;Oui;Non;Matelas immobilisateur à dépression : matelas coquille;Parfois;Toujours;Non;;Vous ouvrez le courrier pour rechercher les informations nécessaires ;Oui;Les deux ;Parfois;;;;;;Non;;
05/10/2013 19:58;2010;75; ASSU, Ambulance de catégorie C;Zone urbaine;40;40;Non;Oui;blanche;Oui;Toujours;Oui;Oui;Tous les jours;Oui;Oui;Oui;Sur demande d'un médecin, d'un infirmier ou du SMUR;;Oui;Oui sous contrôle d'un médecin ou d'un infirmier;Oui;Oui;Non;Non;Matelas immobilisateur à dépression : matelas coquille, Planche à immobilisation type : Baxtrap ;;;Oui;Vous préparez la perfusion avec sa tubulure et purgez le dispositif ;Vous ouvrez le courrier pour rechercher les informations nécessaires ;Oui;Les deux ;Parfois;;;;;;Oui;SMUR;
05/10/2013 21:21;2012;56; ASSU;Zone rurale et urbaine;4;1;Oui;Oui;Bleu nuit;Oui;Toujours;Non;Oui;Tous les jours;Oui;Oui;Oui;Sur demande d'un médecin, d'un infirmier ou du SMUR, De façon spontanée dans certaines situations ;surtout chez les patient diabetique;Non;;Oui;Oui;Oui;Non;Matelas immobilisateur à dépression : matelas coquille, Planche à immobilisation type : Baxtrap ;Toujours;Toujours;Non;;Vous ouvrez le courrier pour rechercher les informations nécessaires ;Oui;Les deux ;Parfois;;;;;;Non;;
05/10/2013 21:23;2013;67;VSL,  ASSU, Ambulance de catégorie C;Zone rurale et urbaine;3;8;Oui;Oui;pantalon blanc sans nomination et haut bleu ;Non;;Oui;Oui;Toutes les semaines ;Oui;Oui;Oui;De façon spontanée dans certaines situations ;en intervention pour le SAMU dans les cas neuro;Oui;Oui de manière autonome;Non;Oui;Non;Non;Matelas immobilisateur à dépression : matelas coquille;Parfois;Toujours;Oui;change de gants, sors un champ,donne garrot, donne compresses humide et seche a l'infirmiere et propose cathetere dif couleurs et pendant qu'elle cherche la veine,rassemble l'ensemble du materiel necessaire, verifie l'integrité de l'emballage et la date de peremption, presente le soluté a l'infirmiere et aprés son accord, prepare la perfusion avec sa tubulure et purge le dispositif. une fois piqué, je demande s'il faut un dextro sur aiguille si oui, je prepare l'appareil si non je presente le dasri rigide a l'inf;Vous ouvrez le courrier pour rechercher les informations nécessaires ;Oui;Les deux ;Parfois;;;;;;Oui;stage au smur;
05/10/2013 21:29;2011;77;VSL,  ASSU, Ambulance de catégorie C;Zone rurale et urbaine;5;11;Oui;Oui;bleu marine;Non;Jamais;Non;Non;tous les mois ;Non;Non;Non;;;Non;;Non;Non;Non;Non;Matelas immobilisateur à dépression : matelas coquille;Parfois;Parfois;Non;;Vous ouvrez le courrier pour rechercher les informations nécessaires ;Oui;Les deux ;Parfois;;;;;;Non;;
05/10/2013 21:35;2013;69;VSL, Ambulance de catégorie C;Zone urbaine;6;5;Oui;Oui;bleu;Non;;;Oui;Toutes les semaines ;Non;Oui;Non;;;Non;;Non;Oui;Oui;Non;Matelas immobilisateur à dépression : matelas coquille;Toujours;;Non;;Vous ouvrez le courrier pour rechercher les informations nécessaires ;Oui;Les deux ;Jamais;;;;;;Oui;Votre IFA;
05/10/2013 21:36;2012;59;VSL,  ASSU;Zone urbaine;80;30;Oui;Oui;Bleues;Oui;Parfois;Non;Non;tous les mois ;Oui;Oui;Non;;;Non;;Non;Oui;Non;Non;Matelas immobilisateur à dépression : matelas coquille;;Toujours;Non;;Vous ouvrez le courrier pour rechercher les informations nécessaires ;Oui;Les deux ;Parfois;;;;;;Non;;
05/10/2013 21:38;2008;54;VSL,  ASSU, Ambulance de catégorie C;Zone rurale et urbaine;140;60;Oui;Oui;Blanche;Non;Parfois;Non;Oui;Toutes les semaines ;Non;Oui;Oui;De façon spontanée dans certaines situations ;ATCD diabetiques, pancréatique;Non;Non;Oui;Non;Non;Non;Matelas immobilisateur à dépression : matelas coquille;Parfois;Parfois;Non;aucun moyens;oui si urgence;Oui;Uniquement lors d'une entrée en service d'urgence;Parfois;;;;;;Non;;
05/10/2013 22:00;2010;94;VSL, Ambulance de catégorie C;Zone rurale et urbaine;4;3;Oui;Oui;bleu;Non;;;Non;Toutes les semaines ;Oui;Non;Oui;Sur demande d'un médecin, d'un infirmier ou du SMUR;;Non;;Non;Non;Non;Non;Matelas immobilisateur à dépression : matelas coquille;Parfois;;Non;;Vous ouvrez le courrier pour rechercher les informations nécessaires ;Oui;Les deux ;Parfois;;;;;;Non;;
05/10/2013 22:08;2013;75; ASSU;Zone urbaine;20;0;Oui;Oui;Blanche;Oui;Toujours;Oui;Oui;Toutes les semaines ;Oui;Oui;Oui;De façon spontanée dans certaines situations ;;Oui;Oui de manière autonome;Oui;Oui;Non;Oui;Matelas immobilisateur à dépression : matelas coquille;Jamais;Jamais;Oui;Vous préparez la perfusion avec sa tubulure et purgez le dispositif ;Vous ouvrez le courrier pour rechercher les informations nécessaires ;Non;;Parfois;;;;;;Oui;Votre entreprise ;
05/10/2013 22:10;2012;75;VSL, Ambulance de catégorie C;Zone urbaine;20;10;Oui;Oui;blanches;Oui;Toujours;Oui;Non;Toutes les semaines ;Non;Oui;Non;;;Non;;Non;Non;Non;Non;Matelas immobilisateur à dépression : matelas coquille, Planche à immobilisation type : Baxtrap ;Toujours;Toujours;Non;;Vous ouvrez le courrier pour rechercher les informations nécessaires ;Oui;Les deux ;Parfois;;;;;;Non;;
05/10/2013 22:11;2007;95; ASSU;Zone rurale et urbaine;15;0;Oui;Oui;blanches;Non;Jamais;Non;Non;tous les mois ;Non;Non;Non;;;Non;Non;Non;Non;Non;Non;Matelas immobilisateur à dépression : matelas coquille;Parfois;Parfois;Non;;Vous n'ouvrez pas le courrier;Oui;Les deux ;Jamais;;;;;;Non;;
05/10/2013 22:13;2011;69;VSL,  ASSU;Zone rurale et urbaine;2;1;Oui;Oui;jaune;Oui;Parfois;Oui;Oui;Tous les jours;Oui;Oui;Oui;De façon spontanée dans certaines situations ;;Non;;Oui;Oui;Oui;Oui;Matelas immobilisateur à dépression : matelas coquille, Planche à immobilisation type : Baxtrap ;Toujours;Toujours;Oui;Vous rassemblez l'ensemble du matériel nécessaire ;Vous ouvrez le courrier pour rechercher les informations nécessaires ;Oui;Uniquement lors d'une entrée en service d'urgence;Parfois;;;;;;Oui;Votre IFA;
05/10/2013 22:17;2012;80;VSL,  ASSU;Zone rurale;5;5;Oui;Oui;bleues et blanches;Oui;Parfois;Non;Non;Toutes les semaines ;Oui;Oui;Oui;De façon spontanée dans certaines situations ;malaise hypo, diabète connu;Non;Non;Non;Non;Non;Non;Matelas immobilisateur à dépression : matelas coquille, Planche à immobilisation type : Baxtrap ;Toujours;Toujours;Non;;Vous ouvrez le courrier pour rechercher les informations nécessaires ;Oui;Les deux ;Jamais;;;;;;Non;;
05/10/2013 22:30;2012;10;VSL,  ASSU, Ambulance de catégorie C;Zone rurale et urbaine;10;10;Oui;Oui;Bleu marine & vert fluo, + bande jaune fluo sur pantalon et blouson;Oui;Toujours;Oui;Oui;Toutes les semaines ;Oui;Non;Oui;De façon spontanée dans certaines situations ;Lors de malaise chez une personne Diabétique qui n'aurait pas fait sa glycémie apres son malaise, où sur une personne inconsciente qui respire. (Pas vu l'utilisation à l'IFA, mais vu lors du stage aux urgences et au SMUR);Oui;Oui sous contrôle d'un médecin ou d'un infirmier;Non;Non;Non;Non;Matelas immobilisateur à dépression : matelas coquille, Planche à immobilisation type : Baxtrap ;Toujours;Toujours;Non;;Vous ouvrez le courrier pour rechercher les informations nécessaires ;Oui;Les deux ;Parfois;;;;;;Non;;
05/10/2013 22:40;2013;69;VSL, Ambulance de catégorie C;Zone rurale et urbaine;3;3;Oui;Oui;Bleu et blanc;Oui;Toujours;Oui;Oui;Toutes les semaines ;Oui;Oui;Non;;;Non;;Non;Oui;Non;Non;Matelas immobilisateur à dépression : matelas coquille;Toujours;;Non;;Vous n'ouvrez pas le courrier;Oui;Les deux ;Parfois;;;;;;Oui;Votre IFA;
05/10/2013 22:58;2013;60;VSL,  ASSU, Ambulance de catégorie C;Zone rurale et urbaine;15;12;Oui;;bleu;Oui;Toujours;Oui;Non;Toutes les semaines ;Oui;Oui;Oui;De façon spontanée dans certaines situations ;;Oui;Non;Non;Oui;Oui;Oui;Matelas immobilisateur à dépression : matelas coquille, Planche à immobilisation type : Baxtrap ;Parfois;Parfois;Non;;Vous ouvrez le courrier pour rechercher les informations nécessaires ;Oui;Les deux ;Parfois;;;;;;Oui;Votre entreprise ;
05/10/2013 23:00;2009;78;VSL,  ASSU, Ambulance de catégorie C;Zone rurale;4;4;Oui;Oui;marine jaune flou;Non;Jamais;Non;Non;Tous les jours;Oui;Non;Non;;;Non;Non;Non;Oui;Non;Oui;Matelas immobilisateur à dépression : matelas coquille;Parfois;Parfois;Non;;Vous ouvrez le courrier pour rechercher les informations nécessaires ;Oui;Les deux ;Parfois;;;;;;Non;;
05/10/2013 23:39;2007;63;VSL,  ASSU, Ambulance de catégorie C;Zone rurale et urbaine;40;50;Oui;Oui;Noire et rouge;Oui;Parfois;Non;Non;Toutes les semaines ;Oui;Oui;Non;;;Non;;Oui;Oui;Non;Non;Matelas immobilisateur à dépression : matelas coquille;Parfois;Parfois;Non;;Vous ouvrez le courrier pour rechercher les informations nécessaires ;Oui;Les deux ;Jamais;;;;;;Oui;Votre IFA;
06/10/2013 00:01;2012;66;VSL,  ASSU, Ambulance de catégorie C;Zone rurale et urbaine;16;13;Oui;Oui;blanche;Non;;Non;Non;Toutes les semaines ;Oui;Oui;Oui;De façon spontanée régulièrement ;;Oui;Non;Non;Oui;Non;Non;Matelas immobilisateur à dépression : matelas coquille;Parfois;Toujours;Oui;Vous préparez la perfusion avec sa tubulure et purgez le dispositif ;Vous ouvrez le courrier pour rechercher les informations nécessaires ;Oui;Les deux ;Parfois;;;;;;Non;;
06/10/2013 00:41;2008;60;VSL,  ASSU, Ambulance de catégorie C;Zone rurale;3;2;Oui;Oui;Bleu;Oui;Toujours;Oui;Oui;Tous les jours, Toutes les semaines ;Oui;Non;Oui;De façon spontanée dans certaines situations ;Suite a une prise en charge pour malaise ou patient ayant comme antécédents diabète ;Non;Non;Non;Oui;Oui;Oui;Matelas immobilisateur à dépression : matelas coquille;Toujours;Toujours;Oui;Vous rassemblez l'ensemble du matériel nécessaire ;Vous ouvrez le courrier pour rechercher les informations nécessaires ;Oui;;Jamais;;;;;;Non;;
06/10/2013 00:45;2013;69;VSL, Ambulance de catégorie C;Zone rurale et urbaine;8;0;Oui;Oui;blanches;Oui;Toujours;Oui;Oui;Toutes les semaines ;Non;Oui;Non;;;Non;;Non;Non;Non;Non;Matelas immobilisateur à dépression : matelas coquille;Jamais;;Non;;Vous n'ouvrez pas le courrier;Oui;Les deux ;Parfois;;;;;;Non;;
06/10/2013 01:12;2012;49;VSL,  ASSU, Ambulance de catégorie C;Zone urbaine;20;10;Oui;Oui;bleu foncé;Non;;Non;Non;tous les mois ;Oui;Oui;Oui;De façon spontanée dans certaines situations ;patient diabétique, malaise;Non;;Non;Oui;Oui;Non;Matelas immobilisateur à dépression : matelas coquille;Toujours;Toujours;Non;;Vous ouvrez le courrier pour rechercher les informations nécessaires ;Oui;Les deux ;Parfois;;;;;;Oui;Votre IFA;
06/10/2013 02:25;2011;66;VSL,  ASSU, Ambulance de catégorie C;Zone rurale;7;8;Oui;Oui;bleu;Oui;Toujours;Oui;Oui;Tous les jours;Oui;Oui;Oui;De façon spontanée dans certaines situations ;sur symptômes neurologique;Oui;Non;Non;Oui;Non;Non;Matelas immobilisateur à dépression : matelas coquille, Planche à immobilisation type : Baxtrap ;Parfois;Parfois;Non;;premièrement je pose des questions au patient et deuxièmement j'ouvre le courrier ;Oui;Les deux ;Parfois;;;;;;Non;;
06/10/2013 05:44;2010;91; ASSU;Zone rurale et urbaine;3;3;Oui;Oui;Dominate blanche avec du bleu et reflechissant orange;Oui;Toujours;Oui;Oui;Tous les jours;Oui;Oui;Oui;De façon spontanée dans certaines situations ;Malaise ou la glycemie peut etre en cause suite au signe clinique;Oui;Oui de manière autonome;Non;Oui;Oui;Oui;Matelas immobilisateur à dépression : matelas coquille, Planche à immobilisation type : Baxtrap ;Parfois;Parfois;Oui;Vous préparez la perfusion avec sa tubulure et purgez le dispositif ;Vous ouvrez le courrier pour rechercher les informations nécessaires ;Oui;Les deux ;Jamais;;;;;;Oui;Votre entreprise ;
06/10/2013 07:27;2013;69;VSL,  ASSU, Ambulance de catégorie C;Zone rurale et urbaine;8;5;Oui;Oui;bleu et blanche;Oui;Toujours;Non;Non;Tous les jours;Oui;Oui;Non;;;Non;;Non;Non;Non;Non;Matelas immobilisateur à dépression : matelas coquille;Toujours;Toujours;Non;;Vous n'ouvrez pas le courrier;Oui;Les deux ;Parfois;;;;;;Oui;Votre IFA;
06/10/2013 08:31;2011;66;VSL, Ambulance de catégorie C;Zone rurale et urbaine;3;2;Oui;Oui;bleu;Non;Jamais;Non;Oui;Toutes les semaines ;Non;Oui;Non;;;Non;;Oui;Oui;Oui;Non;Matelas immobilisateur à dépression : matelas coquille;Parfois;;Non;;Vous appelez le Centre 15 pour demander l'autorisation d'ouvrir le courrier  ;Oui;Les deux ;Parfois;;;;;;Non;;
06/10/2013 08:33;2011;72; ASSU;Zone rurale et urbaine;10;3;Oui;Oui;blanc;Oui;Parfois;Oui;Non;Tous les jours, Toutes les semaines ;Oui;Oui;Oui;De façon spontanée dans certaines situations ;;Oui;Oui de manière autonome;Non;Oui;Non;Non;Matelas immobilisateur à dépression : matelas coquille, Planche à immobilisation type : Baxtrap ;Parfois;Parfois;Oui;Vous rassemblez l'ensemble du matériel nécessaire ;Vous ouvrez le courrier pour rechercher les informations nécessaires ;Oui;Uniquement lors d'une entrée en service d'urgence;Parfois;;;;;;Non;;
06/10/2013 08:46;2013;13;VSL, Ambulance de catégorie C;Zone rurale et urbaine;15;10;Oui;Oui;Bleue;Oui;Toujours;Oui;Oui;Tous les jours;Non;Non;Non;;;Non;;Non;Oui;Oui;Non;Matelas immobilisateur à dépression : matelas coquille;Parfois;Parfois;Non;;Vous ouvrez le courrier pour rechercher les informations nécessaires ;Oui;Les deux ;Parfois;;;;;;Non;;
06/10/2013 08:50;2012;29;VSL,  ASSU, Ambulance de catégorie C;Zone rurale et urbaine;9;2;Oui;Oui;bleue;Oui;Parfois;Oui;Non;Toutes les semaines ;Oui;Oui;Oui;De façon spontanée dans certaines situations ;en samu;Oui;Non;Non;Oui;Non;Non;Matelas immobilisateur à dépression : matelas coquille, Planche à immobilisation type : Baxtrap ;Parfois;Parfois;Oui;Vous rassemblez l'ensemble du matériel nécessaire ;Vous ouvrez le courrier pour rechercher les informations nécessaires ;Non;;Toujours ;;;;;;Non;;
06/10/2013 08:58;2012;29;VSL,  ASSU, Ambulance de catégorie C;Zone rurale et urbaine;5;1;Oui;Oui;Bleu;Non;Parfois;Oui;Non;tous les mois ;Non;Oui;Non;;;Non;;Non;Non;Non;Non;Matelas immobilisateur à dépression : matelas coquille, Planche à immobilisation type : Baxtrap ;Parfois;Parfois;Non;;Vous ouvrez le courrier pour rechercher les informations nécessaires ;Oui;Les deux ;Toujours ;;;;;;Non;;
06/10/2013 09:23;2013;21;VSL, Ambulance de catégorie C;Zone rurale et urbaine;2;2;Oui;Oui;blanches;Non;;Non;Non;Toutes les semaines ;Non;Non;Non;;;Non;;Non;Non;Non;Non;Matelas immobilisateur à dépression : matelas coquille;Toujours;;Non;;Vous appelez le Centre 15 pour demander l'autorisation d'ouvrir le courrier  ;Oui;Uniquement lors d'une entrée en service d'urgence;Toujours ;;;;;;Non;;
06/10/2013 09:26;2010;69;VSL,  ASSU, Ambulance de catégorie C;Zone rurale et urbaine;19;1;Oui;Oui;blanche;Oui;Parfois;Oui;Oui;Toutes les semaines ;Non;Oui;Non;;;Oui;Non;Oui;Oui;Oui;Non;Matelas immobilisateur à dépression : matelas coquille, Planche à immobilisation type : Baxtrap ;Parfois;Parfois;Non;;Vous ouvrez le courrier pour rechercher les informations nécessaires ;Oui;Les deux ;Parfois;;;;;;Oui;Votre IFA;
06/10/2013 09:36;2008;31;VSL,  ASSU, Ambulance de catégorie C;Zone rurale et urbaine;7;8;Non;;bleu et blanc;Non;;;Oui;Toutes les semaines ;Oui;Non;Oui;De façon spontanée régulièrement , De façon spontanée dans certaines situations ;Urgence spécifique;Non;;Non;Oui;Oui;Oui;Matelas immobilisateur à dépression : matelas coquille;Parfois;Parfois;Non;;Vous ouvrez le courrier pour rechercher les informations nécessaires ;Oui;Les deux ;Parfois;;;;;;Oui;Votre IFA;
06/10/2013 09:48;2008;91;VSL,  ASSU, Ambulance de catégorie C;Zone rurale et urbaine;16;20;Oui;Oui;bleue et blanche;Oui;Toujours;Oui;Non;Tous les jours;Oui;Non;Oui;De façon spontanée dans certaines situations ;malaise ;Oui;Non;Non;Oui;Oui;Non;Matelas immobilisateur à dépression : matelas coquille, Planche à immobilisation type : Baxtrap ;Parfois;Parfois;Non;;Vous ouvrez le courrier pour rechercher les informations nécessaires ;Oui;Les deux ;Parfois;;;;;;Non;;
06/10/2013 09:59;2010;67;Ambulance de catégorie C;Zone rurale et urbaine;1;0;Oui;Oui;bleues;Oui;Toujours;Oui;Oui;Tous les jours, Toutes les semaines , tous les mois ;Non;Oui;Non;;;Non;Non;Non;Oui;Oui;Non;Matelas immobilisateur à dépression : matelas coquille;Parfois;Toujours;Non;;Vous ouvrez le courrier pour rechercher les informations nécessaires ;Oui;Les deux ;Parfois;;;;;;Non;;
06/10/2013 10:05;2010;14;VSL,  ASSU, Ambulance de catégorie C;Zone rurale;5;3;Oui;Oui;bleu;Non;;;Oui;Tous les jours;Non;Non;Non;;;Non;;Non;Oui;Oui;Non;Matelas immobilisateur à dépression : matelas coquille;Parfois;Toujours;Non;;Vous ouvrez le courrier pour rechercher les informations nécessaires ;Oui;Les deux ;Parfois;;;;;;Non;;
06/10/2013 10:10;2009;59; ASSU;Zone rurale et urbaine;4;2;Oui;Oui;blanche;Oui;Toujours;Non;Non;Tous les jours, Toutes les semaines ;Oui;Non;Oui;De façon spontanée dans certaines situations ;malaise, alcoolisation;Non;;Non;Non;Non;Non;Matelas immobilisateur à dépression : matelas coquille;Parfois;Parfois;Non;;Vous ouvrez le courrier pour rechercher les informations nécessaires ;Oui;Les deux ;Parfois;;;;;;Non;;
06/10/2013 10:19;2011;37;VSL,  ASSU;Zone rurale;3;7;Oui;Non;bleu foncé;Oui;Parfois;Non;Non;Toutes les semaines ;Oui;Oui;Oui;De façon spontanée dans certaines situations ;persnne diabétique connue, ou malaise en apparence vagal;Oui;Non;Non;Oui;Non;Non;Matelas immobilisateur à dépression : matelas coquille;Toujours;Toujours;Non;;Vous ouvrez le courrier pour rechercher les informations nécessaires ;Oui;Les deux ;Parfois;;;;;;Non;;
06/10/2013 10:41;2009;13;VSL,  ASSU, Ambulance de catégorie C;Zone rurale et urbaine;9;4;Non;;Bleues;Non;;; obligation d'hygiène mais sans protocole.;Non;Tous les jours;Non;Oui;Non;;;Non;;Non;Non;Non;Non;Matelas immobilisateur à dépression : matelas coquille, Planche à immobilisation type : Baxtrap ;Parfois;Parfois;Non;;Vous appelez le Centre 15 pour demander l'autorisation d'ouvrir le courrier  ;Oui;Les deux ;Parfois;;;;;;Non;
06/10/2013 10:41;2013;14;VSL,  ASSU;Zone rurale et urbaine;12;8;Oui;Oui;blanc et bleu;Oui;Toujours;Non;Non;Toutes les semaines ;Oui;Non;Oui;Sur demande d'un médecin, d'un infirmier ou du SMUR;;Non;Non;Non;Oui;Non;Non;Matelas immobilisateur à dépression : matelas coquille;Toujours;Toujours;Non;;j'appelle le medecin traitant ;Oui;Les deux ;Parfois;;;;;;Oui;Votre IFA;
06/10/2013 10:56;2011;33;VSL,  ASSU, Ambulance de catégorie C;Zone rurale et urbaine;9;4;Oui;Oui;Bleu;Oui;Toujours;Oui;Oui;Tous les jours;Oui;Non;Non;;;Non;Non;Non;Oui;Non;Non;Matelas immobilisateur à dépression : matelas coquille, Planche à immobilisation type : Baxtrap ;Parfois;Parfois;Non;;Vous ouvrez le courrier pour rechercher les informations nécessaires ;Oui;Les deux ;Parfois;;;;;;Oui;Votre entreprise ;
06/10/2013 10:58;2012;56;VSL,  ASSU;Zone rurale;5;2;Oui;Oui;bleu marine;Oui;Toujours;Oui;Oui;Toutes les semaines ;Oui;Oui;Oui;Sur demande d'un médecin, d'un infirmier ou du SMUR, De façon spontanée dans certaines situations ;urgence vitale;Non;Non;Non;Oui;Oui;Oui;Matelas immobilisateur à dépression : matelas coquille;Parfois;Parfois;Oui;Vous rassemblez l'ensemble du matériel nécessaire ;Vous ouvrez le courrier pour rechercher les informations nécessaires ;Oui;Les deux ;Toujours ;;;;;;Non;;
06/10/2013 10:59;2011;81;VSL,  ASSU, Ambulance de catégorie C;Zone rurale et urbaine;11;16;Non;Oui;blanche et bleue;Non;Jamais;Non;Non;tous les mois ;Oui;Oui;Non;Sur demande d'un médecin, d'un infirmier ou du SMUR;;Non;Non;Non;Non;Oui;Non;Matelas immobilisateur à dépression : matelas coquille;Parfois;Toujours;Non;rien!;Vous ouvrez le courrier pour rechercher les informations nécessaires ;Oui;Les deux ;Parfois;;;;;;Non;;
06/10/2013 11:17;2011;69;VSL, Ambulance de catégorie C;Zone rurale et urbaine;6;3;Oui;Oui;bleu marine;Non;Parfois;Non;Non;Toutes les semaines ;Oui;Oui;Non;;;Non;Non;Non;Oui;Oui;Non;Matelas immobilisateur à dépression : matelas coquille;Parfois;;Non;;Vous ouvrez le courrier pour rechercher les informations nécessaires ;Oui;Les deux ;Parfois;;;;;;Non;;
06/10/2013 11:22;2010;93;VSL, Ambulance de catégorie C;Zone urbaine;5;5;Oui;Oui;blanc et bleu marine;Oui;Toujours;Oui;Non;Tous les jours;Non;Oui;Non;;;Non;;Oui;Oui;Oui;Oui;Matelas immobilisateur à dépression : matelas coquille;Parfois;Toujours;Non;;Vous ouvrez le courrier pour rechercher les informations nécessaires ;Oui;Les deux ;Parfois;;;;;;Oui;Votre IFA;
06/10/2013 11:23;2011;56;VSL,  ASSU;Zone rurale et urbaine;3;3;Oui;Oui;blanc et bleu;Non;Parfois;Non;Oui;Toutes les semaines ;Oui;Oui;Oui;De façon spontanée dans certaines situations ;diabete, oh;Non;;Oui;Non;Oui;Non;Matelas immobilisateur à dépression : matelas coquille;Toujours;Toujours;Non;;Vous ouvrez le courrier pour rechercher les informations nécessaires ;Oui;Les deux ;Toujours ;;;;;;Oui;Votre IFA;
06/10/2013 11:37;2009;57;VSL,  ASSU, Ambulance de catégorie C;Zone rurale;7;5;Non;Oui;haut blanc et bas bleu;Oui;Parfois;Oui;Oui;Toutes les semaines ;Non;Non;Non;;;Non;;Non;Oui;Non;Non;Matelas immobilisateur à dépression : matelas coquille, Planche à immobilisation type : Baxtrap ;Parfois;Parfois;Non;;Vous ouvrez le courrier pour rechercher les informations nécessaires ;Oui;Les deux ;Toujours ;;;;;;Non;;
06/10/2013 11:39;2010;37;VSL,  ASSU, Ambulance de catégorie C;Zone rurale;4;5;Oui;Oui;bleu marine;Oui;Toujours;Oui;Oui;Toutes les semaines ;Oui;Non;Oui;De façon spontanée dans certaines situations ;Malaise, personne  DID...;Non;;Non;Non;Non;Non;Matelas immobilisateur à dépression : matelas coquille;Parfois;Toujours;Non;;Vous ouvrez le courrier pour rechercher les informations nécessaires ;Oui;Les deux ;Parfois;;;;;;Non;;
06/10/2013 11:43;2013;89;VSL,  ASSU, Ambulance de catégorie C;Zone rurale et urbaine;11;4;Oui;Oui;Bleu;Oui;Toujours;Non;Non;Tous les jours;Oui;Non;Oui;Sur demande d'un médecin, d'un infirmier ou du SMUR;Garde préfectoral ;Non;;Non;Oui;Non;Non;Matelas immobilisateur à dépression : matelas coquille, Planche à immobilisation type : Baxtrap ;Toujours;Toujours;Non;;Vous ouvrez le courrier pour rechercher les informations nécessaires ;Oui;Les deux ;Parfois;;;;;;Non;;
06/10/2013 12:04;2013;78;VSL,  ASSU, Ambulance de catégorie C;Zone rurale et urbaine;20;5;Oui;Oui;bleu marine et jaune;Oui;Toujours;Oui;Oui;Toutes les semaines ;Oui;Oui;Oui;Sur demande d'un médecin, d'un infirmier ou du SMUR, De façon spontanée dans certaines situations ;sur diabétiques ;Non;Non;Non;Non;Non;Non;Matelas immobilisateur à dépression : matelas coquille, Planche à immobilisation type : Baxtrap ;Toujours;Toujours;Non;;Vous ouvrez le courrier pour rechercher les informations nécessaires ;Non;;Parfois;;;;;;Oui;Votre IFA;
06/10/2013 13:22;2013;21;VSL,  ASSU, Ambulance de catégorie C;Zone rurale;6;6;Oui;Oui;Blanche et bleue;Non;;;Non;Toutes les semaines ;Non;Non;Non;;;Non;;Non;Non;Non;Non;Matelas immobilisateur à dépression : matelas coquille;Parfois;Toujours;Non;;Vous appelez le Centre 15 pour demander l'autorisation d'ouvrir le courrier  ;Oui;Les deux ;Parfois;;;;;;Non;;
06/10/2013 15:11;2013;67;VSL,  ASSU, Ambulance de catégorie C;Zone rurale et urbaine;12;22;Oui;Oui;blanc/bleu;Oui;Toujours;Oui;Oui;Tous les jours;Oui;Non;Oui;De façon spontanée dans certaines situations ;appel 15;Oui;Non;Non;Oui;Non;Non;Matelas immobilisateur à dépression : matelas coquille, Planche à immobilisation type : Baxtrap ;Parfois;Toujours;Oui;pas suffisament formé;Vous ouvrez le courrier pour rechercher les informations nécessaires ;Oui;Les deux ;Parfois;;;;;;Non;;
06/10/2013 15:58;2013;66;VSL,  ASSU;Zone rurale et urbaine;2;2;Oui;Oui;bleu;Non;;;Non;Toutes les semaines ;Oui;Non;Oui;De façon spontanée régulièrement ;quasiment pour toute intervention;Non;;Non;Non;Non;Non;Matelas immobilisateur à dépression : matelas coquille;Parfois;Parfois;Non;;Vous ouvrez le courrier pour rechercher les informations nécessaires ;Oui;Les deux ;Parfois;;;;;;Oui;;
06/10/2013 16:28;2012;54;VSL, Ambulance de catégorie C;Zone rurale et urbaine;15;8;Oui;Oui;bleu marine et vert;Non;;;Non;Toutes les semaines ;Non;Non;Non;;;Non;Non;Non;Oui;Oui;Non;Matelas immobilisateur à dépression : matelas coquille;Toujours;Toujours;Non;;Vous n'ouvrez pas le courrier;Oui;Les deux ;Parfois;;;;;;Non;;
06/10/2013 16:54;2012;21;VSL,  ASSU, Ambulance de catégorie C;Zone urbaine;20;5;Oui;Oui;Bleue;Oui;Toujours;Oui;Oui;Toutes les semaines ;Oui;Non;Oui;De façon spontanée dans certaines situations ;Pour les patients Diabétiques connus ainsi que sur toutes les notions de malaise;Non;;Non;Non;Non;Non;Matelas immobilisateur à dépression : matelas coquille;Parfois;Parfois;Non;;Ouverture du courrier si adressé au service d'accueil. Rappel le médecin qui a établi le courrier si il est adressé à un médecin nominativement ( respect du secret de la correspondance) ;Oui;Les deux ;Parfois;;;;;;Non;Les services du CHU;
06/10/2013 17:26;2008;67;VSL,  ASSU, Ambulance de catégorie C;Zone rurale et urbaine;20;45;Oui;Oui;blanc;Oui;Toujours;Non;Non;Tous les jours;Oui;Oui;Oui;De façon spontanée dans certaines situations ;malaise, suspicion AVC, trouble de la conscience;Oui;Non;Non;Oui;Non;Non;Matelas immobilisateur à dépression : matelas coquille, Planche à immobilisation type : Baxtrap ;Toujours;Toujours;Oui;Vous préparez la perfusion avec sa tubulure et purgez le dispositif ;Vous ouvrez le courrier pour rechercher les informations nécessaires ;Oui;Les deux ;Parfois;;;;;;Non;;
06/10/2013 17:55;2011;69;VSL,  ASSU, Ambulance de catégorie C;Zone rurale et urbaine;5;1;Oui;Oui;bleu, jaune fluo;Oui;Toujours;Oui;Oui;Tous les jours;Oui;Oui;Oui;Sur demande d'un médecin, d'un infirmier ou du SMUR, De façon spontanée dans certaines situations ;;Non;Non;Non;Oui;Oui;Non;Matelas immobilisateur à dépression : matelas coquille, Planche à immobilisation type : Baxtrap ;Toujours;Toujours;Non;;Vous ouvrez le courrier pour rechercher les informations nécessaires ;Oui;Les deux ;Parfois;;;;;;Oui;Votre IFA;
06/10/2013 19:20;2010;75;VSL,  ASSU, Ambulance de catégorie C;Zone rurale;12;6;Oui;Oui;Blanches;Oui;Parfois;Non;Oui;Toutes les semaines ;Oui;Non;Oui;De façon spontanée dans certaines situations ;Lorsque les signes remarqués peuvent être en relation avec une hypo ou une hyper glicémie. Généralement sur tous les diabétiques...;Non;;Oui;Non;Non;Non;Matelas immobilisateur à dépression : matelas coquille, Planche à immobilisation type : Baxtrap ;Parfois;Parfois;Non;;Vous ouvrez le courrier pour rechercher les informations nécessaires ;Oui;Uniquement lors d'une entrée en service d'urgence;Parfois;;;;;;Non;personnel hospitalier;
06/10/2013 19:53;2006;60;VSL,  ASSU, Ambulance de catégorie C;Zone rurale;11;5;Oui;Oui;blanches et bleus;Oui;Toujours;Oui;Oui;Toutes les semaines ;Oui;Non;Oui;Sur demande d'un médecin, d'un infirmier ou du SMUR;malaise hypo ou patient diabetique;Non;;Non;Oui;Oui;Oui;Matelas immobilisateur à dépression : matelas coquille, Planche à immobilisation type : Baxtrap ;Toujours;Toujours;Oui;Vous rassemblez l'ensemble du matériel nécessaire ;Vous ouvrez le courrier pour rechercher les informations nécessaires ;Oui;Les deux ;Parfois;;;;;;Oui;les equipes medicales presentes lors des transferts;
06/10/2013 19:56;2012;NA;VSL,  ASSU, Ambulance de catégorie C;Zone rurale et urbaine;10;12;Oui;Oui;Bleu;Oui;Parfois;Non;Non;Tous les jours;Oui;Oui;Oui;Sur demande d'un médecin, d'un infirmier ou du SMUR, De façon spontanée dans certaines situations ;Somnolence ou personne diabetique;Non;;Non;Oui;Oui;Oui;Matelas immobilisateur à dépression : matelas coquille, Planche à immobilisation type : Baxtrap ;Parfois;Parfois;Non;;Vous ouvrez le courrier pour rechercher les informations nécessaires ;Oui;Les deux ;Parfois;;;;;;Non;;
06/10/2013 20:10;2006;38;VSL, Ambulance de catégorie C;Zone rurale et urbaine;20;15;Oui;Oui;blanc et bleu ciel;Non;;;Non;Tous les jours;Oui;Non;Non;;;Non;;Non;Non;Non;Non;Matelas immobilisateur à dépression : matelas coquille;Parfois;;Non;;Vous ouvrez le courrier pour rechercher les informations nécessaires ;Oui;Les deux ;Parfois;;;;;;Non;;
06/10/2013 20:15;2012;29;VSL,  ASSU, Ambulance de catégorie C;Zone rurale et urbaine;9;2;Oui;Oui;Bleues;Oui;Parfois;Non;Non;Toutes les semaines ;Oui;Oui;Oui;De façon spontanée dans certaines situations ;Patient diabétique;Non;;Oui;Oui;Oui;Oui;Matelas immobilisateur à dépression : matelas coquille;Parfois;Toujours;Oui;Vous préparez la perfusion avec sa tubulure et purgez le dispositif ;Vous ouvrez le courrier pour rechercher les informations nécessaires ;Oui;Les deux ;Parfois;;;;;;Oui;Votre IFA;
06/10/2013 20:51;2013;38;VSL,  ASSU;Zone rurale et urbaine;20;5;Oui;Oui;blanche et bleu;Oui;Toujours;Non;Oui;Tous les jours;Oui;Oui;Oui;Sur demande d'un médecin, d'un infirmier ou du SMUR;;Non;Non;Non;Oui;Non;Non;Matelas immobilisateur à dépression : matelas coquille;Toujours;Toujours;Non;;Vous ouvrez le courrier pour rechercher les informations nécessaires ;Oui;Les deux ;Parfois;;;;;;Non;;
06/10/2013 20:56;2013;69;Ambulance de catégorie C;Zone urbaine;6;1;Oui;Oui;BLEUE;Oui;Parfois;Oui;Non;Toutes les semaines ;Oui;Oui;Non;;;Non;Non;Non;Non;Non;Non;Matelas immobilisateur à dépression : matelas coquille;Parfois;Toujours;Non;;Vous n'ouvrez pas le courrier;Oui;Les deux ;Parfois;;;;;;Non;Votre entreprise ;
06/10/2013 22:03;2013;75;VSL,  ASSU, Ambulance de catégorie C;Zone rurale et urbaine;15;10;Oui;Oui;Bleu;Oui;Toujours;Oui;Non;Toutes les semaines ;Oui;Non;Oui;De façon spontanée dans certaines situations ;Lorsque un problème glycérique est suspecté ou pourrais expliquer des symptômes ;Non;;Non;Oui;Non;Oui;Matelas immobilisateur à dépression : matelas coquille;Parfois;Parfois;Non;;Vous ouvrez le courrier pour rechercher les informations nécessaires ;Non;;Parfois;;;;;;Non;;
06/10/2013 22:49;2011;83;VSL,  ASSU, Ambulance de catégorie C;Zone urbaine;70;70;Non;;Bleu;Non;;Oui;Non;tous les mois ;Oui;Non;Oui;De façon spontanée dans certaines situations ;Trouble neuro / malaise indéterminé / diabétique connu /;Oui;Oui de manière autonome;Non;Oui;Non;Oui;Matelas immobilisateur à dépression : matelas coquille;Parfois;Parfois;Oui;Vous préparez la perfusion avec sa tubulure et purgez le dispositif ;Vous ouvrez le courrier pour rechercher les informations nécessaires ;Oui;Les deux ;Toujours ;;;;;;Non;;
07/10/2013 08:12;2013;38;VSL, Ambulance de catégorie C;Zone rurale et urbaine;4;4;Oui;Oui;Bleu;Oui;Toujours;Oui;Oui;Toutes les semaines ;Non;Oui;Non;;;Non;;Non;Oui;Oui;Non;Matelas immobilisateur à dépression : matelas coquille;Toujours;;Non;;Vous ouvrez le courrier pour rechercher les informations nécessaires ;Oui;Les deux ;Toujours ;;;;;;Non;;
07/10/2013 08:20;2013;38;VSL, Ambulance de catégorie C;Zone rurale et urbaine;4;4;Oui;Oui;Bleu;Oui;Toujours;Oui;Oui;Toutes les semaines ;Non;Oui;Non;;;Non;;Non;Oui;Oui;Non;Matelas immobilisateur à dépression : matelas coquille;Toujours;;Non;;Vous ouvrez le courrier pour rechercher les informations nécessaires ;Oui;Les deux ;Toujours ;;;;;;Non;;
07/10/2013 08:25;2012;67;Ambulance de catégorie C;Zone rurale et urbaine;5;3;Oui;Oui;Bleu et jaune ;Oui;Toujours;Oui;Oui;Tous les jours;Non;Oui;Non;;;Non;;Non;Oui;Non;Non;Matelas immobilisateur à dépression : matelas coquille;Parfois;;Non;;Demande autorisation a la famille ;Oui;Les deux ;Jamais;;;;;;Oui;Infirmier(e)s;
07/10/2013 10:07;2012;67;VSL,  ASSU, Ambulance de catégorie C;Zone rurale et urbaine;12;14;Oui;Oui;bleu et blanc;Non;Parfois;Oui;Non;Tous les jours;Oui;Oui;Oui;De façon spontanée régulièrement ;je l'ulitile sur toute les interventions, on ne sait jamlais !;Oui;Oui sous contrôle d'un médecin ou d'un infirmier;Non;Oui;Non;Non;Matelas immobilisateur à dépression : matelas coquille;Parfois;Parfois;Non;rien du tout sauf si l'equipe su Smur nous le demande;meme si nous ne sommes pas cense l'ouvrir, selon les cas nous le faisons quand meme ! je pense qu'il est important de plus ou moins connaitre la pathologie du patient. Nous sommes tout de meme responsable de lui pendant le transport !!;Oui;Les deux ;Jamais;;;;;;Non;jamais !!! nous ne savons meme pas manipuler l'appareil !;
07/10/2013 10:57;2008;33;VSL,  ASSU, Ambulance de catégorie C;Zone rurale et urbaine;6;6;Oui;Oui;bleu;Oui;Parfois;Oui;Oui;Tous les jours;Oui;Oui;Oui;Sur demande d'un médecin, d'un infirmier ou du SMUR;;Non;;Non;Oui;Oui;Oui;Matelas immobilisateur à dépression : matelas coquille;Parfois;Toujours;Non;;J'appelle le medecin traitant;Oui;Les deux ;Toujours ;;;;;;Non;discussion avec l'infirmiere;
07/10/2013 11:45;2013;42;VSL,  ASSU;Zone rurale et urbaine;30;10;Oui;Oui;blanches;Oui;Toujours;Oui;Non;Toutes les semaines ;Non;Oui;Non;;;Non;;Non;Non;Oui;Non;Matelas immobilisateur à dépression : matelas coquille, Planche à immobilisation type : Baxtrap ;Parfois;Parfois;Non;;Vous ouvrez le courrier pour rechercher les informations nécessaires ;Non;;Parfois;;;;;;Oui;Votre entreprise ;
07/10/2013 11:48;2012;21;VSL,  ASSU, Ambulance de catégorie C;Zone rurale et urbaine;20;20;Oui;Oui;bleue marine;Oui;Parfois;Oui;Oui;Toutes les semaines ;Oui;Oui;Oui;De façon spontanée dans certaines situations ;diabete type 2;Non;;Non;Non;Non;Non;Matelas immobilisateur à dépression : matelas coquille;Toujours;Toujours;Non;;Vous ouvrez le courrier pour rechercher les informations nécessaires ;Oui;Les deux ;Toujours ;;;;;;Non;;
07/10/2013 12:14;2013;38;VSL, Ambulance de catégorie C;Zone rurale et urbaine;8;4;Oui;Oui;bleu foncé;Oui;Parfois;Oui;Non;Toutes les semaines ;Oui;Oui;Non;;;Non;;Non;Oui;Oui;Non;Matelas immobilisateur à dépression : matelas coquille;Parfois;;Non;;Vous ouvrez le courrier pour rechercher les informations nécessaires ;Oui;Les deux ;Parfois;;;;;;Non;;
07/10/2013 12:18;2007;33;VSL,  ASSU, Ambulance de catégorie C;Zone rurale et urbaine;10;3;Oui;Oui;bleu blanc;Oui;Parfois;Oui;Non;Tous les jours;Oui;Non;Oui;De façon spontanée dans certaines situations ;malaise diabète diagnostiquer;Oui;Non;Non;Oui;Oui;Non;Matelas immobilisateur à dépression : matelas coquille;Parfois;Parfois;Non;;Vous ouvrez le courrier pour rechercher les informations nécessaires ;Oui;Les deux ;Parfois;;;;;;Non;;
07/10/2013 12:31;2010;7;VSL,  ASSU, Ambulance de catégorie C;Zone rurale;15;5;Oui;Oui;bleu marine;Oui;Parfois;Oui;Non;tous les mois ;Oui;Non;Oui;Sur demande d'un médecin, d'un infirmier ou du SMUR;A APPRENDRE PARTOUT;Non;Non;Non;Oui;Non;Non;Matelas immobilisateur à dépression : matelas coquille;Parfois;Parfois;Non;A APPRENDRE;Vous ouvrez le courrier pour rechercher les informations nécessaires ;Oui;Les deux ;Parfois;;;;;;Non;DOMMAGE;
07/10/2013 14:31;2013;13;Ambulance de catégorie C;Zone rurale et urbaine;6;2;Non;;Bleu et blanc;Oui;Toujours;Oui;Oui;Tous les jours, Toutes les semaines ;Oui;Oui;Non;;;Non;;Non;Non;Oui;Non;Planche à immobilisation type : Baxtrap ;Parfois;Parfois;Non;;Vous ouvrez le courrier pour rechercher les informations nécessaires ;Oui;Les deux ;Parfois;;;;;;Oui;Stage en entreprise;
07/10/2013 14:50;2013;13;Ambulance de catégorie C;Zone rurale et urbaine;3;1;Oui;Oui;Bleu;Oui;Toujours;Oui;Non;Toutes les semaines ;Non;Oui;Non;;;Non;Non;Non;Oui;Oui;Non;Matelas immobilisateur à dépression : matelas coquille;Toujours;;Non;;Vous n'ouvrez pas le courrier;Oui;Les deux ;Parfois;;;;;;Oui;Votre IFA;
07/10/2013 16:39;2009;31;VSL,  ASSU, Ambulance de catégorie C;Zone rurale et urbaine;19;11;Oui;Oui;pantalon bleu, haut blanc;Oui;Toujours;Oui;Non;Toutes les semaines ;Non;Oui;Non;;;Non;;Non;Oui;Oui;Non;Matelas immobilisateur à dépression : matelas coquille;Parfois;Parfois;Oui;SMUR;Vous ouvrez le courrier pour rechercher les informations nécessaires ;Oui;Les deux ;Parfois;;;;;;Non;;
07/10/2013 17:18;2013;13;VSL,  ASSU, Ambulance de catégorie C;Zone rurale et urbaine;12;0;Oui;Oui;bleues;Non;;;Oui;Tous les jours;Oui;Oui;Oui;De façon spontanée régulièrement ;;Oui;Oui de manière autonome;Non;Non;Non;Non;Matelas immobilisateur à dépression : matelas coquille, Planche à immobilisation type : Baxtrap ;Toujours;Toujours;Non;;Vous appelez le Centre 15 pour demander l'autorisation d'ouvrir le courrier  ;Oui;Les deux ;Parfois;;;;;;Oui;FAE;
07/10/2013 17:46;2010;57;VSL,  ASSU, Ambulance de catégorie C;Zone rurale et urbaine;19;17;Oui;Oui;Bleu/blanc;Non;Jamais;;Oui;Toutes les semaines ;Oui;Oui;Oui;De façon spontanée régulièrement ;;Non;;Non;Non;Non;Non;Matelas immobilisateur à dépression : matelas coquille, Planche à immobilisation type : Baxtrap ;Toujours;Toujours;Non;;Vous ouvrez le courrier pour rechercher les informations nécessaires ;Oui;Les deux ;Parfois;;;;;;Oui;CHR;
07/10/2013 17:54;2008;67;VSL,  ASSU, Ambulance de catégorie C;Zone rurale et urbaine;30;30;Oui;Oui;BLEUE;Oui;Parfois;Oui;Oui;Tous les jours, Toutes les semaines ;Oui;Oui;Oui;De façon spontanée régulièrement ;;Non;;Non;Non;Non;Non;Matelas immobilisateur à dépression : matelas coquille, Planche à immobilisation type : Baxtrap ;Parfois;Parfois;Non;;Vous ouvrez le courrier pour rechercher les informations nécessaires ;Oui;Uniquement lors d'une entrée en service d'urgence;Parfois;;;;;;Non;;
07/10/2013 18:41;2012;78;Ambulance de catégorie C;Zone urbaine;12;1;Oui;Oui;bleues marines;Oui;Toujours;Oui;Non;Toutes les semaines ;Non;Non;Non;;;Non;;Non;Non;Non;Non;Matelas immobilisateur à dépression : matelas coquille;Parfois;Parfois;Non;;Vous ouvrez le courrier pour rechercher les informations nécessaires ;Oui;Les deux ;Parfois;;;;;;Non;;
07/10/2013 18:46;2013;13;VSL, Ambulance de catégorie C;Zone rurale et urbaine;8;2;Oui;Non;Bleu marine et blanc;Oui;Parfois;Non;Non;Toutes les semaines ;Non;Oui;Non;;;Non;;Oui;Oui;Oui;Non;Matelas immobilisateur à dépression : matelas coquille;Toujours;;Non;;Vous ouvrez le courrier pour rechercher les informations nécessaires ;Oui;Les deux ;Parfois;;;;;;Non;;
07/10/2013 18:46;2012;21; ASSU, Ambulance de catégorie C;Zone rurale;3;3;Oui;Oui;bleu/blanc;Oui;Toujours;Non;Oui;Tous les jours;Oui;Non;Oui;Sur demande d'un médecin, d'un infirmier ou du SMUR, De façon spontanée dans certaines situations ;;Non;;Non;Oui;Non;Oui;Matelas immobilisateur à dépression : matelas coquille;Parfois;Parfois;Non;;Vous ouvrez le courrier pour rechercher les informations nécessaires ;Oui;Les deux ;Parfois;;;;;;Non;;
07/10/2013 18:49;2013;69;VSL,  ASSU, Ambulance de catégorie C;Zone rurale et urbaine;7;6;Oui;Oui;blanc/marine;Oui;Toujours;Non;Oui;Tous les jours;Oui;Oui;Oui;De façon spontanée dans certaines situations ;;Non;;Non;Oui;Oui;Oui;Matelas immobilisateur à dépression : matelas coquille;Toujours;Toujours;Non;;Vous ouvrez le courrier pour rechercher les informations nécessaires ;Oui;Les deux ;Parfois;;;;;;Non;;
07/10/2013 19:29;2013;42;VSL,  ASSU, Ambulance de catégorie C;Zone rurale et urbaine;5;1;Oui;Oui;BLANCHES ET BLEUES;Oui;Parfois;Non;Non;Toutes les semaines ;Oui;Non;Non;;;Non;;Non;Oui;Non;Non;Matelas immobilisateur à dépression : matelas coquille, Planche à immobilisation type : Baxtrap ;Toujours;Toujours;Non;;Vous ouvrez le courrier pour rechercher les informations nécessaires ;Oui;Les deux ;Parfois;;;;;;Non;;
07/10/2013 19:49;2011;67;VSL, Ambulance de catégorie C;Zone rurale et urbaine;6;7;Oui;Oui;BLEU;Oui;Toujours;Oui;Oui;Tous les jours;Oui;Oui;Oui;De façon spontanée dans certaines situations ;Malaise , Chute;Non;Non;Non;Oui;Oui;Oui;Matelas immobilisateur à dépression : matelas coquille;Parfois;;Non;;Vous ouvrez le courrier pour rechercher les informations nécessaires ;Oui;Les deux ;Parfois;;;;;;Non;;
07/10/2013 20:16;2013;13;VSL,  ASSU, Ambulance de catégorie C;Zone rurale et urbaine;10;10;Oui;Oui;blanche;Oui;Toujours;Oui;Non;Toutes les semaines ;Non;Non;Non;;;Non;Non;Non;Oui;Oui;Non;Matelas immobilisateur à dépression : matelas coquille;Parfois;Jamais;Non;;Vous ouvrez le courrier pour rechercher les informations nécessaires ;Oui;En situation d'entrée programmée;Parfois;;;;;;Non;;
07/10/2013 20:30;2013;67;VSL, Ambulance de catégorie C;Zone rurale et urbaine;3;2;Oui;Oui;bleu et blanc;Oui;Toujours;Oui;Oui;Toutes les semaines ;Non;Oui;Oui;De façon spontanée dans certaines situations ;le plus souvent à domicile chez les patients diabétiques;Non;Non;Non;Oui;Non;Non;Matelas immobilisateur à dépression : matelas coquille;Parfois;;Non;;Vous ouvrez le courrier pour rechercher les informations nécessaires ;Oui;Uniquement lors d'une entrée en service d'urgence;Jamais;;;;;;Non;;
07/10/2013 21:32;2013;13;Ambulance de catégorie C;Zone rurale et urbaine;5;0;Oui;Oui;bleu marine;Oui;Toujours;Oui;Non;Toutes les semaines ;Non;Non;Non;;;Non;;Non;Oui;Oui;Non;Matelas immobilisateur à dépression : matelas coquille;Jamais;;Non;;Vous ouvrez le courrier pour rechercher les informations nécessaires ;Oui;Les deux ;Parfois;;;;;;Non;;
07/10/2013 21:55;2010;60;VSL,  ASSU, Ambulance de catégorie C;Zone rurale et urbaine;7;3;Oui;Oui;blancs et bleu;Oui;Toujours;Non;Oui;Tous les jours;Oui;Non;Oui;De façon spontanée dans certaines situations ;;Non;Non;Non;Oui;Oui;Non;Matelas immobilisateur à dépression : matelas coquille, Planche à immobilisation type : Baxtrap ;Toujours;Toujours;Non;;Vous ouvrez le courrier pour rechercher les informations nécessaires ;Oui;Les deux ;Jamais;;;;;;Non;;
07/10/2013 23:00;2013;69;VSL,  ASSU, Ambulance de catégorie C;Zone rurale et urbaine;16;1;Oui;Oui;Blanches;Oui;Toujours;Oui;Oui;Tous les jours;Oui;Non;Non;;;Non;;Non;Non;Non;Non;Matelas immobilisateur à dépression : matelas coquille;;;Non;;Vous ouvrez le courrier pour rechercher les informations nécessaires ;Oui;Les deux ;Toujours ;;;;;;Oui;Votre IFA;
08/10/2013 10:43;2013;86;VSL,  ASSU, Ambulance de catégorie C;Zone rurale et urbaine;14;5;Oui;Non;bleu marine;Non;;;Non;tous les mois ;Oui;Oui;Oui;De façon spontanée dans certaines situations ;diabétique qui fais un malaise;Non;Non;Oui;Oui;Oui;Non;Matelas immobilisateur à dépression : matelas coquille, Planche à immobilisation type : Baxtrap ;Toujours;Toujours;Non;;Vous ouvrez le courrier pour rechercher les informations nécessaires ;Oui;Les deux ;Toujours ;;;;;;Oui;Votre IFA;
08/10/2013 10:44;2013;13;VSL,  ASSU, Ambulance de catégorie C;Zone rurale et urbaine;40;40;Oui;Oui;blanche/bleu;Oui;Parfois;Oui;Oui;tous les mois ;Non;Non;Non;;appris seul;Oui;Non;Non;Non;Oui;Non;Matelas immobilisateur à dépression : matelas coquille;Parfois;Toujours;Non;en assu ou en ambu?;ca depend ce qui manque;Oui;Les deux ;Parfois;;;;;;Non;seul;
08/10/2013 11:03;2012;86;VSL,  ASSU, Ambulance de catégorie C;Zone rurale et urbaine;NA;NA;Oui;Oui;bleues et blanches;Oui;Toujours;Oui;Oui;Tous les jours;Oui;Oui;Oui;Sur demande d'un médecin, d'un infirmier ou du SMUR, De façon spontanée dans certaines situations ;Troubles de la conscience, Inconsciences, Patient diabètique connu etc..;Non;;Oui;Oui;Oui;Oui;Matelas immobilisateur à dépression : matelas coquille, Planche à immobilisation type : Baxtrap ;Parfois;Parfois;Non;;Vous ouvrez le courrier pour rechercher les informations nécessaires ;Oui;Les deux ;Parfois;;;;;;Oui;Votre IFA;
08/10/2013 11:21;2013;86;VSL,  ASSU, Ambulance de catégorie C;Zone rurale;9;12;Oui;Oui;bleue et blanche;Non;;;Oui;tous les mois ;Oui;Oui;Oui;De façon spontanée dans certaines situations ;malaise, sujet diabétiques;Non;;Non;Oui;Oui;Oui;Matelas immobilisateur à dépression : matelas coquille;Toujours;Toujours;Non;;je l'ouvre avec la permission du patient;Oui;Les deux ;Parfois;;;;;;Non;;
08/10/2013 11:27;2012;86;VSL,  ASSU, Ambulance de catégorie C;Zone urbaine;50;10;Oui;Oui;Bleues;Oui;Toujours;Oui;Non;Tous les jours;Oui;Oui;Oui;De façon spontanée dans certaines situations ;;Non;;Non;Oui;Oui;Oui;Matelas immobilisateur à dépression : matelas coquille;Toujours;Toujours;Non;;Vous ouvrez le courrier pour rechercher les informations nécessaires ;Oui;Les deux ;Jamais;;;;;;Non;;
08/10/2013 11:31;2009;54;Ambulance de catégorie C;Zone urbaine;3;2;Oui;Oui;Bleu;Oui;Toujours;Oui;Non;Tous les jours;Non;Non;Non;;;Non;Non;Non;Oui;Oui;Oui;Matelas immobilisateur à dépression : matelas coquille;Parfois;Parfois;Oui;Vous rassemblez l'ensemble du matériel nécessaire ;Vous ouvrez le courrier pour rechercher les informations nécessaires ;Oui;Les deux ;Parfois;;;;;;Oui;Votre IFA;
08/10/2013 12:52;2012;86;VSL,  ASSU, Ambulance de catégorie C;Zone urbaine;50;10;Oui;Oui;bleu foncé;Oui;Toujours;Oui;Non;Tous les jours;Oui;Oui;Oui;De façon spontanée dans certaines situations ;suspicion hypoglycémie;Non;;Non;Oui;Oui;Oui;Matelas immobilisateur à dépression : matelas coquille;Toujours;Toujours;Non;;Vous ouvrez le courrier pour rechercher les informations nécessaires ;Oui;Les deux ;Jamais;;;;;;Non;;
08/10/2013 11:51;2013;13;Ambulance de catégorie C;Zone urbaine;18;18;Oui;Oui;blanc et bleu;Oui;;Non;Non;Toutes les semaines ;Non;Non;Non;;;Non;Non;Non;Oui;Oui;Non;Matelas immobilisateur à dépression : matelas coquille;Parfois;Parfois;Non;;Vous ouvrez le courrier pour rechercher les informations nécessaires ;Oui;Les deux ;Parfois;;;;;;Oui;Votre IFA;
08/10/2013 11:57;2012;NA;VSL,  ASSU;Zone rurale;3;2;Oui;Oui;Pantalon bleu, polo blanc, veste bleu;Oui;Toujours;Non;Oui;Tous les jours;Non;Non;Oui;Sur demande d'un médecin, d'un infirmier ou du SMUR, De façon spontanée dans certaines situations ;Si la personne n'ait pas en mesure de realiser son dextro au vue de la degradation assez importante de son etat de sante je realise moi meme le dextro. J'ai appris a me servir de cet apareil durant mon stage smur;Non;Non;Non;Oui;Oui;Oui;Matelas immobilisateur à dépression : matelas coquille;Parfois;Parfois;Non;L'equipe medicale s'en charge;Vous ouvrez le courrier pour rechercher les informations nécessaires ;Oui;Les deux ;Parfois;;;;;;Oui;;
08/10/2013 12:00;2012;67;VSL, Ambulance de catégorie C;Zone rurale et urbaine;6;3;Oui;Oui;bleu;Oui;Toujours;Oui;Oui;Toutes les semaines ;Oui;Oui;Non;;;Non;;Non;Oui;Oui;Non;Matelas immobilisateur à dépression : matelas coquille;Toujours;;Non;;Vous ouvrez le courrier pour rechercher les informations nécessaires ;Oui;Les deux ;Parfois;;;;;;Non;;
08/10/2013 13:11;2007;29;VSL,  ASSU, Ambulance de catégorie C;Zone urbaine;7;6;Oui;Oui;Bleu et blanc;Oui;Toujours;Non;Oui;tous les mois ;Oui;Non;Oui;De façon spontanée dans certaines situations ;;Non;Non;Non;Oui;Oui;Oui;Matelas immobilisateur à dépression : matelas coquille, Planche à immobilisation type : Baxtrap ;Parfois;Parfois;Non;;Vous ouvrez le courrier pour rechercher les informations nécessaires ;Oui;Les deux ;Parfois;;;;;;Oui;Votre IFA;
08/10/2013 14:16;2009;72;VSL,  ASSU;Zone rurale et urbaine;3;5;Oui;Oui;Bleu ciel et marine;Non;Jamais;;Non;Toutes les semaines ;Oui;Non;Non;;;Non;;Oui;Oui;Oui;Oui;Matelas immobilisateur à dépression : matelas coquille, Planche à immobilisation type : Baxtrap ;Toujours;Toujours;Non;;Vous appelez le Centre 15 pour demander l'autorisation d'ouvrir le courrier  ;Oui;Les deux ;Parfois;;;;;;Non;;
08/10/2013 14:45;2010;86;VSL,  ASSU, Ambulance de catégorie C;Zone rurale;23;5;Oui;Oui;bleu;Oui;Toujours;Oui;Oui;Tous les jours;Oui;Oui;Oui;De façon spontanée dans certaines situations ;quand j estime que ca le merite;Non;Non;Non;Oui;Oui;Oui;Matelas immobilisateur à dépression : matelas coquille;Toujours;Toujours;Non;;Vous ouvrez le courrier pour rechercher les informations nécessaires ;Oui;Les deux ;Jamais;;;;;;Non;;
08/10/2013 15:06;2012;54;VSL,  ASSU, Ambulance de catégorie C;Zone urbaine;15;15;Oui;Oui;BLANC;Oui;Toujours;Non;Non;Tous les jours, Toutes les semaines ;Non;Non;Non;De façon spontanée dans certaines situations ;15;Non;Non;Non;Oui;Non;Non;Matelas immobilisateur à dépression : matelas coquille;Toujours;Toujours;Non;;Vous ouvrez le courrier pour rechercher les informations nécessaires ;Oui;Les deux ;Toujours ;;;;;;Non;;
08/10/2013 16:00;2013;13;VSL,  ASSU, Ambulance de catégorie C;Zone rurale et urbaine;80;20;Oui;Oui;bleu marine et blanc;Oui;Toujours;Oui;Non;Toutes les semaines ;Oui;Oui;Non;Sur demande d'un médecin, d'un infirmier ou du SMUR, De façon spontanée dans certaines situations ;;Non;Non;Non;Oui;Oui;Non;Matelas immobilisateur à dépression : matelas coquille;Parfois;Jamais;Non;Vous rassemblez l'ensemble du matériel nécessaire ;Vous n'ouvrez pas le courrier;Oui;Les deux ;Jamais;;;;;;Oui;Votre IFA;
08/10/2013 17:50;2013;42;VSL, Ambulance de catégorie C;Zone rurale et urbaine;3;4;Oui;Oui;bleues;Oui;Parfois;Non;Non;Toutes les semaines ;Oui;Oui;Non;;;Non;;Non;Oui;Oui;Non;Matelas immobilisateur à dépression : matelas coquille;Toujours;Toujours;Non;;Vous ouvrez le courrier pour rechercher les informations nécessaires ;Oui;Les deux ;Parfois;;;;;;Oui;Votre IFA;
08/10/2013 17:21;2009;86; ASSU;Zone rurale et urbaine;25;5;Oui;Oui;bleu ;Oui;Toujours;Oui;Oui;Toutes les semaines ;Oui;Oui;Oui;De façon spontanée dans certaines situations ;;Non;Non;Non;Oui;Oui;Oui;Matelas immobilisateur à dépression : matelas coquille, Planche à immobilisation type : Baxtrap ;Toujours;Toujours;Non;;Vous ouvrez le courrier pour rechercher les informations nécessaires ;Oui;Les deux ;Parfois;;;;;;Oui;Votre IFA;
08/10/2013 18:48;2012;42; ASSU;Zone rurale et urbaine;6;2;Oui;Oui;bleu ciel et blanc ;Oui;Toujours;Oui;Oui;Tous les jours;Oui;Oui;Oui;Sur demande d'un médecin, d'un infirmier ou du SMUR, De façon spontanée dans certaines situations ;décompensation des patients diabétiques. ;Oui;Oui sous contrôle d'un médecin ou d'un infirmier;Non;Oui;Oui;Non;Matelas immobilisateur à dépression : matelas coquille;Toujours;Toujours;Non;;Vous ouvrez le courrier pour rechercher les informations nécessaires ;Oui;Les deux ;Toujours ;;;;;;Non;;
08/10/2013 18:59;2007;86;VSL,  ASSU, Ambulance de catégorie C;Zone rurale et urbaine;23;5;Oui;Oui;bleu marine;Oui;Toujours;Oui;Oui;Toutes les semaines ;Oui;Non;Oui;De façon spontanée régulièrement ;DID / malaise sans diagnostic précis / quand l'expérience me le dicte;Non;;Non;Oui;Non;Oui;Matelas immobilisateur à dépression : matelas coquille;Parfois;Toujours;Non;;Vous ouvrez le courrier pour rechercher les informations nécessaires ;Oui;Les deux ;Jamais;;;;;;Non;;
08/10/2013 19:15;2012;22;VSL,  ASSU, Ambulance de catégorie C;Zone rurale et urbaine;30;10;Oui;Oui;bleu marine et jaune fluo;Oui;Toujours;Oui;Oui;Toutes les semaines ;Oui;Non;Oui;Sur demande d'un médecin, d'un infirmier ou du SMUR;hypo;Oui;Non;Oui;Oui;Oui;Oui;Matelas immobilisateur à dépression : matelas coquille, Planche à immobilisation type : Baxtrap ;Parfois;Toujours;Non;;Vous ouvrez le courrier pour rechercher les informations nécessaires ;Oui;Les deux ;Parfois;;;;;;Non;;
08/10/2013 19:29;2007;59;VSL,  ASSU, Ambulance de catégorie C;Zone rurale et urbaine;10;13;Oui;Oui;jaune et bleu;Oui;Toujours;Oui;Oui;Toutes les semaines ;Oui;Non;Oui;De façon spontanée dans certaines situations ;personne diabétique;Oui;Non;Oui;Oui;Oui;Oui;Matelas immobilisateur à dépression : matelas coquille;Parfois;Parfois;Non;;Vous ouvrez le courrier pour rechercher les informations nécessaires ;Oui;Les deux ;Parfois;;;;;;Oui;Votre entreprise ;
08/10/2013 19:35;2013;86;VSL,  ASSU, Ambulance de catégorie C;Zone rurale;7;6;Oui;Oui;blanche et bleu;Oui;Toujours;Oui;Oui;Toutes les semaines ;Oui;Oui;Oui;Sur demande d'un médecin, d'un infirmier ou du SMUR;personnes diabétiques;Non;;Non;Oui;Oui;Oui;Matelas immobilisateur à dépression : matelas coquille;Toujours;Toujours;Non;;Vous ouvrez le courrier pour rechercher les informations nécessaires ;Oui;Les deux ;Jamais;;;;;;Oui;Votre IFA;
08/10/2013 20:31;2011;67;Ambulance de catégorie C;Zone rurale et urbaine;4;4;Oui;Oui;BLEU/BLANC;Oui;Toujours;Oui;Oui;Tous les jours, Toutes les semaines , tous les mois ;Non;Oui;Non;;;Non;;Non;Oui;Oui;Non;Matelas immobilisateur à dépression : matelas coquille;Parfois;;Non;;Vous ouvrez le courrier pour rechercher les informations nécessaires ;Oui;Les deux ;Jamais;;;;;;Non;;
08/10/2013 20:47;2012;16;VSL,  ASSU;Zone urbaine;14;2;Oui;Oui;blan et bleu;Non;Toujours;Oui;Non;Toutes les semaines ;Oui;Oui;Oui;Sur demande d'un médecin, d'un infirmier ou du SMUR;ATSU;Oui;Oui de manière autonome;Non;Oui;Non;Non;Matelas immobilisateur à dépression : matelas coquille;Parfois;Toujours;Non;;Vous ouvrez le courrier pour rechercher les informations nécessaires ;Non;;Jamais;;;;;;Non;Votre entreprise ;
08/10/2013 21:33;2006;86;VSL,  ASSU, Ambulance de catégorie C;Zone rurale et urbaine;25;5;Oui;Oui;bleu;Oui;Toujours;Oui;Oui;Toutes les semaines ;Oui;Non;Oui;De façon spontanée dans certaines situations ;malaise chez patients diabétiques ou non;Non;Non;Non;Oui;Non;Non;Matelas immobilisateur à dépression : matelas coquille;Parfois;Toujours;Non;;Vous ouvrez le courrier pour rechercher les informations nécessaires ;Oui;Les deux ;Parfois;;;;;;Oui;Votre IFA;
08/10/2013 22:12;2013;42;VSL, Ambulance de catégorie C;Zone rurale et urbaine;3;3;Oui;Oui;bleu et grise;Oui;Toujours;Oui;Non;Toutes les semaines ;Non;Oui;Non;;;Non;;Non;Oui;Non;Oui;Matelas immobilisateur à dépression : matelas coquille, Planche à immobilisation type : Baxtrap ;Toujours;;Non;;Vous n'ouvrez pas le courrier;Oui;Les deux ;Parfois;;;;;;Oui;Votre IFA;
08/10/2013 23:10;2013;42; ASSU, Ambulance de catégorie C;Zone rurale;20;8;Oui;Oui;Blanc et bleu marine;Oui;Toujours;Oui;Non;Toutes les semaines ;Non;Oui;Non;;;Non;Non;Non;Oui;Oui;Non;Matelas immobilisateur à dépression : matelas coquille;Toujours;Toujours;Non;;Vous ouvrez le courrier pour rechercher les informations nécessaires ;Oui;Les deux ;Parfois;;;;;;Oui;Votre IFA;
09/10/2013 07:21;2013;86;VSL,  ASSU;Zone rurale et urbaine;12;8;Oui;Oui;Bleu marine;Oui;Toujours;Non;Non;Toutes les semaines ;Oui;Oui;Oui;De façon spontanée dans certaines situations ;Inconscience de patient diabétique ;Oui;Non;Oui;Oui;Non;Non;Matelas immobilisateur à dépression : matelas coquille;Parfois;Parfois;Non;;Je demande l'autorisation au patient;Oui;Les deux ;Parfois;;;;;;Non;;
09/10/2013 08:02;2013;42;VSL, Ambulance de catégorie C;Zone rurale et urbaine;4;0;Oui;Oui;bleu;Oui;Toujours;Oui;Non;Toutes les semaines ;Non;Oui;Non;;;Non;;Non;Oui;Oui;Non;Matelas immobilisateur à dépression : matelas coquille;Toujours;Toujours;Non;;Vous appelez le Centre 15 pour demander l'autorisation d'ouvrir le courrier  ;Oui;Les deux ;Parfois;;;;;;Oui;Votre IFA;
09/10/2013 08:25;2013;42;VSL, Ambulance de catégorie C;Zone rurale;5;3;Oui;Oui;bleu marine et blanc;Oui;Toujours;Oui;Oui;Toutes les semaines ;Non;Oui;Non;;;Non;;Non;Non;Non;Non;Matelas immobilisateur à dépression : matelas coquille;Toujours;;Non;;Vous ouvrez le courrier pour rechercher les informations nécessaires ;Oui;Les deux ;Parfois;;;;;;Oui;Votre IFA;
09/10/2013 08:32;2013;67;VSL,  ASSU, Ambulance de catégorie C;Zone rurale;4;8;Oui;Oui;bleu/blanc/jaune fluo;Oui;Toujours;Oui;Non;Tous les jours;Oui;Oui;Oui;De façon spontanée dans certaines situations ;Malaise, PCI, diabète connu, etc...;Oui;Non;Non;Oui;Non;Non;Matelas immobilisateur à dépression : matelas coquille, Planche à immobilisation type : Baxtrap ;Parfois;Toujours;Non;;Vous ouvrez le courrier pour rechercher les informations nécessaires ;Oui;Les deux ;Parfois;;;;;;Non;;
09/10/2013 09:28;2013;75;VSL,  ASSU, Ambulance de catégorie C;Zone rurale et urbaine;15;10;Oui;Oui;bleu foncé;Oui;Toujours;Oui;Non;Tous les jours;Oui;Oui;Oui;De façon spontanée dans certaines situations ;suspiçion d'avc, malaise, patient diabétique sans dextro;Non;Non;Oui;Non;Oui;Non;Matelas immobilisateur à dépression : matelas coquille;Parfois;Parfois;Non;....;Vous ouvrez le courrier pour rechercher les informations nécessaires ;Oui;Les deux ;Parfois;;;;;;Oui;Votre IFA;
